1342177956,"POINT (-4.1139943 57.5909809)"
1342179502,"MULTIPOLYGON (((-4.3198952 53.0962136, -4.319887 53.0962815, -4.3198383 53.0963237, -4.319835 53.0963237, -4.3198252 53.0961534, -4.3198181 53.096026, -4.3198952 53.0962136)))"
1342178567,35772842
1342179540,103996459
1342178970,766956547
1342179000,827597656
1342179436,54500339
1342179543,108176802
1342179748,301558913
1342178668,4353351929
1342177474,"POINT (-2.4667519 57.0627407)"
1342177337,111686306
1342178013,"POINT (-1.6421896 60.3007945)"
1342178065,1148172390
1342179463,"Loughor"
1342178158,1782643711
1342177370,221491867
1342178823,51990830
1342177291,"MULTIPOLYGON (((-3.9469452 51.6180887, -3.9467408 51.6183097, -3.9464539 51.6182493, -3.9457195 51.6174283, -3.9459201 51.617293, -3.9460423 51.6171659, -3.9462114 51.6174525, -3.9463139 51.6175729, -3.9466882 51.6179044, -3.9469452 51.6180887)))"
1342177316,"MULTIPOLYGON (((-3.143327 51.6648792, -3.1433002 51.664984, -3.1432063 51.6652269, -3.1430373 51.6656462, -3.1429891 51.665548, -3.1431312 51.6651953, -3.1432492 51.6648609, -3.143327 51.6648792)))"
1342179289,313253928
1342178929,689430414
1342177340,117042377
1342178804,493604092
1342177498,"POINT (-3.9599315 55.8246422)"
1342177523,"POINT (-2.1053876 57.1479243)"
1342179153,"Derwen Fawr"
1342177954,"POINT (-3.222262 55.8323806)"
1342179470,92872137
1342177711,"POINT (-2.0943083 57.1497124)"
1342177857,"POINT (-5.1053865 56.838119)"
1342177819,"POINT (-4.9106207 55.9626164)"
1342178638,4196829979
1342177311,"MULTIPOLYGON (((-4.0419796 51.6686733, -4.0417048 51.6686894, -4.041554 51.667962, -4.0418277 51.6679415, -4.0419796 51.6686733)))"
1342178672,4359544869
1342179809,"Traeth y Gribin"
1342179535,"MULTIPOLYGON (((-4.3979389 52.1982265, -4.3975312 52.1987131, -4.3970351 52.1986673, -4.396964 52.1983792, -4.397252 52.1981285, -4.3979389 52.1982265)))"
1342177361,184792601
1342177748,"POINT (-4.2258537 57.4800333)"
1342178442,"Al Furqan Mosque"
1342177721,"POINT (-3.7020021 55.0986821)"
1342177328,ferry_terminal
1342178284,"Halkirk Parish Church"
1342178682,443455016
1342179197,226402312
1342178226,2198015739
1342179231,264290148
1342179219,"Ynys Onnem"
1342177330,100217788
1342178272,2371572580
1342179136,1561842
1342178128,1515966996
1342179664,260086185
1342177726,"POINT (-5.6454304 57.5247487)"
1342179707,286651779
1342179162,Gowerton
1342179241,2832411
1342179819,301568508
1342179814,301568458
1342179240,"Caldey Island"
1342177535,"POINT (-2.6877384 57.4508216)"
1342178223,"St Marnoch's Parish Church, Fowlis"
1342179567,142410077
1342178493,316112637
1342178495,3164419481
1342177835,"POINT (-5.2387677 58.1555605)"
1342177418,"Port Talbot Bus Station"
1342178776,472477456
1342179118,locality
1342177901,"POINT (-3.564659 55.1793395)"
1342178912,667190770
1342178458,3066504135
1342178797,479261419
1342177420,"Newbridge"
1879048212,1050
1342177687,"POINT (-4.0389428 55.0067768)"
1342179712,spring
1342178125,"Gretna Old Parish Church"
1342177996,"POINT (-1.6809919 60.3241564)"
1879048202,3105
1342177934,"POINT (-2.3443889 57.2368946)"
1342179001,"Glenburn Baptist Church"
1342177763,"POINT (-4.661065 55.6240903)"
1342179122,119325568
1342179353,391246336
1342179832,301568545
1342179052,"Corrimony Church"
1342177342,121613343
1342177759,"POINT (-3.4358068 57.7059342)"
1342178581,36168583
1342178108,1373061246
1342178517,317917621
1342179151,"Sketty Park"
1342178370,275200099
1342178418,289668706
1342177682,"POINT (-4.3045251 55.8581852)"
1342179277,3011228
1342177673,"POINT (-5.3842146 56.4528664)"
1342178372,"The Father's House @ Life Centre"
1342179378,Garth Uchaf
1342177662,"POINT (-4.9710028 56.4042322)"
1879048203,3103
1342177371,"Blackwood bus station"
1342179164,"Oxwich Green"
1342179539,101529742
1342178085,1294812024
1342178346,2682369339
1342179116,"Ynys y Big"
1342177864,"POINT (-4.2112943 57.7025278)"
1342177722,"POINT (-3.425508 55.5062211)"
1342178786,"Houston & Kilallan Parish Church"
1342179824,301568530
1342177679,"POINT (-4.2540004 55.8814011)"
1879048204,3400
1342179097,"MULTIPOLYGON (((-3.3853396 52.4410292, -3.3852645 52.441075, -3.3850821 52.4410489, -3.385125 52.4409573, -3.3852752 52.4409835, -3.3853396 52.4410292)))"
1342177355,158252670
1342178305,249454687
1342178473,3093985990
1342179195,224809146
1342179014,"Park Church"
1342177379,"Chepstow"
1342177702,"POINT (-3.0124472 56.4743937)"
1342178467,"Franciscan convent"
1342179684,273631875
1342178402,28530158
1342178106,1366230601
1342177666,"POINT (-4.3400221 57.4078561)"
1342179314,33806305
1342178264,2359303221
1342177794,"POINT (-2.2634516 55.7208697)"
1342178838,"Kirkmichael Parish Church"
1342177734,"POINT (-3.9289004 54.9372266)"
1342177369,"Carmarthen Bus Station"
1342178032,"POINT (-2.2102834 56.9625428)"
1342179424,44727707
1342177430,391637663
1342179217,"Ynys Melyn"
1342178755,4715195644
1342177783,"POINT (-1.2355998 60.1907093)"
1342178579,3616157393
1342177745,"POINT (-3.8258053 54.9321333)"
1342178483,312999429
1342177771,"POINT (-2.3072344 55.8292706)"
1342179370,407218694
1342179624,165605874
1342179142,161964170
1342179039,"Neilston Parish Church"
1342178725,457557128
1342178727,457557133
1342179485,"MULTIPOLYGON (((-3.4328732 53.2761071, -3.4326632 53.2761452, -3.4325264 53.2758958, -3.4327453 53.27585, -3.4328732 53.2761071)))"
1342179198,"The Mare"
1342178932,689441328
1342179744,301558797
1342178651,4226109856
1342179474,92872151
1342179371,"Blaen-Dewi-fawr"
1342178947,715666534
1342178750,"Trinity Church"
1342179830,301568542
1342179818,301568487
1342178234,"Ballintuim Church"
1342177900,"POINT (-4.4920537 55.5933966)"
1342178064,"Stirling Baptist Church"
1342177644,"POINT (-2.8700016 56.4672573)"
1342179365,406564133
1342177858,"POINT (-5.0949932 56.8371897)"
1342177484,"POINT (-4.2184405 57.4753384)"
1342179555,124271111
1342178207,2000057173
1342179081,"MULTIPOLYGON (((-3.0645247 52.6279859, -3.0643209 52.6282139, -3.0640419 52.6281227, -3.0642565 52.6278687, -3.0645247 52.6279859)))"
1342177872,"POINT (-4.2925275 55.4663179)"
1342179300,32304711
1342179766,"Newry Beach"
1342179667,260086194
1342178364,2732845578
1342179127,"Overton"
1342178743,462706047
1342179405,425221391
1342178612,"St Andrew"
1342177680,"POINT (-4.2540175 55.8820998)"
1342177762,"POINT (-1.177259 60.1408896)"
1342179501,"MULTIPOLYGON (((-4.2010835 53.2944599, -4.2010384 53.2946265, -4.2009829 53.2947104, -4.2010133 53.2945965, -4.201038 53.2945053, -4.2010734 53.2943766, -4.2010835 53.2944599)))"
1342177490,"POINT (-4.0706367 55.769497)"
1342178722,"Church of Scotland - Assynt"
1342179308,33267051
1342179372,407659346
1342179002,827597677
1342178660,4309466955
1342177431,"Wrexham Bus Station"
1342177729,"POINT (-3.470046 56.3986052)"
1342179629,169502392
1342178096,"St Bernards Church"
1342179477,"MULTIPOLYGON (((-2.963572 52.9644135, -2.9631813 52.9645599, -2.9626797 52.9647459, -2.9625354 52.9648278, -2.9626106 52.9647203, -2.9627226 52.9646522, -2.9629667 52.9645489, -2.9632 52.9644826, -2.9633797 52.9644422, -2.963572 52.9644135)))"
1342177456,"POINT (-4.8654149 55.9092548)"
1342178052,"Free Presbyterian Church of Scotland"
1342179202,"Abererch"
1342178609,3799047350
1342179625,169315882
1342178394,"Brethren's Meeting Room"
1342178101,1342450755
1342178991,"Twelve Apostles"
1342177825,"POINT (-4.5831713 55.9818269)"
1342178564,35706178
1342178862,"Saint Michael's"
1342178255,"Knightsridge Parish Church"
1342179688,274472457
1342179690,275484823
1342179548,121730878
1342177765,"POINT (-3.1112742 55.952743)"
1342177349,"Cardiff Central"
1342179030,874379073
1342179731,301557295
1342179791,301568305
1342179769,301568255
1342177630,"POINT (-4.3415671 55.8950395)"
1342177480,"POINT (-4.4628535 55.9116988)"
1342177464,"POINT (-3.9393923 56.1175975)"
1342178571,361109009
1342177831,"POINT (-6.7689618 58.2816464)"
1342177664,"POINT (-5.0451242 57.0638488)"
1342178714,4549720549
1342177730,"POINT (-3.3669888 55.0996771)"
1342179421,"Melin-cil-y-cwm"
1342179361,"Carreg FrÃ¢n"
1342178432,"Tomdoun Church"
1342179678,272928834
1342178488,"Castlehead Parish Church"
1342177613,"POINT (-2.8269893 57.3321748)"
1342178623,3971749112
1342178625,3979075857
1342177539,"POINT (-3.9103254 55.6650333)"
1342177684,"POINT (-3.4500158 56.4809198)"
1342179461,6748943
1342178034,"POINT (-5.4726781 56.4112441)"
1342177497,"POINT (-3.065792 55.0020038)"
1342178115,"The Church of Jesus Christ of Latter-day Saints"
1342177553,"POINT (-3.8874028 56.625669)"
1342178683,"Lochwinnoch Parish Church"
1342179205,Gewni
1342178604,3794556892
1342177551,"POINT (-2.507604 57.0519855)"
1342179637,186937717
1342177755,"POINT (-3.0803757 55.59)"
1342177315,"MULTIPOLYGON (((-3.9858989 51.6183266, -3.9858818 51.6183487, -3.9858536 51.6183853, -3.9857696 51.6183603, -3.985815 51.6183016, -3.9858989 51.6183266)))"
1342179504,"MULTIPOLYGON (((-4.5779073 53.2890614, -4.5770608 53.2890797, -4.5771461 53.2890482, -4.5773727 53.2889969, -4.577532 53.288983, -4.5776647 53.2889889, -4.5778423 53.2890293, -4.5779073 53.2890614)))"
1342177393,221597197
1342177712,"POINT (-2.0919993 57.1465878)"
1342179844,301568641
1342179057,935240649
1342178976,771958335
1342177468,"POINT (-5.1324767 56.673077)"
1342178751,469771876
1342179500,"MULTIPOLYGON (((-4.5570205 53.3758697, -4.5569733 53.3758377, -4.5569104 53.3757917, -4.5568973 53.3757458, -4.5569998 53.3756495, -4.5570066 53.3756377, -4.5570205 53.3758697)))"
1342178601,3781773735
1342179309,city
1342178359,27252883
1342178642,"Uddingston Park Church"
1342179034,881219872
1342178250,2329788946
1342178048,1125700980
1342178909,"St Bartholomews"
1342178411,"Dornoch Cathedral"
1342178046,1099804589
1342178299,246233227
1342179838,301568571
1342179303,32903352
1342177719,"POINT (-3.5040255 56.723434)"
1342178578,"Kingswells Parish Church"
1342178599,"St Andrews High Church"
1342179233,265471432
1342178379,2778510444
1342177433,"Taxi rank"
1342179591,1454104
1879048197,5621
1342178010,"POINT (-2.1336135 57.1569047)"
1342178293,2447131974
1342177572,"POINT (-2.6869647 55.472993)"
1342178002,"POINT (-4.7282805 56.0044828)"
1342177378,221590204
1342177972,"POINT (-6.3832497 58.2116231)"
1342179729,301557292
1342177874,"POINT (-4.4580728 55.6035334)"
1342178363,"St Mary's"
1342179789,301568302
1342179767,301568252
1342179762,301568247
1342178387,2805666577
1342177709,"POINT (-2.9808121 56.4617666)"
1342177958,"POINT (-3.9871506 55.7912753)"
1342178505,317763801
1342178376,"Cumlodden"
1342178960,"St Machars"
1342178857,558389284
1342177847,"POINT (-5.132952 56.8446702)"
1342178708,4549720546
1342179749,301558963
1342177987,"POINT (-3.6398273 55.1002055)"
1342179409,"Parc Penllergaer"
1342177696,"POINT (-4.5001816 55.6076974)"
1342179607,"Conwy Sands"
1342179441,6045326
1342179410,43224147
1342179455,6748940
1342179848,301568648
1342179117,108817277
1342179423,"West Mouse"
1342179047,915770788
1342177503,"POINT (-3.9734357 55.8222032)"
1342177793,"POINT (-3.6484808 55.5684409)"
1342179616,164945874
1342178417,"Craigiebank Parish Church"
1342177714,"POINT (-3.0204719 57.3276177)"
1342179157,173583427
1342177504,"POINT (-4.0524858 55.851192)"
1342178000,"POINT (-3.0453516 57.0472973)"
1342179342,"Ynys y Castell"
1342177829,"POINT (-5.1574529 57.8978176)"
1342177372,221491947
1342179355,39583547
1342179354,392398940
1342178464,3068506960
1342179521,"MULTIPOLYGON (((-4.0194381 53.0519778, -4.0192691 53.0521968, -4.0180483 53.0519631, -4.0169148 53.0513564, -4.016886 53.0512122, -4.016918 53.0510348, -4.018233 53.0518023, -4.0194381 53.0519778)))"
1342179444,"Ynys Enlli"
1342179013,842211085
1342177532,"POINT (-4.8720804 55.8026255)"
1342179404,"New Barn"
1342179095,"MULTIPOLYGON (((-4.3879696 52.0152796, -4.3878194 52.0155701, -4.3860599 52.0150683, -4.3858453 52.0145533, -4.3869611 52.0147382, -4.3878623 52.0147382, -4.3879696 52.0152796)))"
1342178247,2296331060
1342177822,"POINT (-4.5819108 55.96778)"
1342179513,"MULTIPOLYGON (((-3.6516298 52.8741881, -3.6516298 52.8742385, -3.6516159 52.8742636, -3.651569 52.8742636, -3.6515134 52.8742532, -3.6514563 52.8742587, -3.6516251 52.8741406, -3.6516298 52.8741881)))"
1342177281,"MULTIPOLYGON (((-4.0803447 53.0841743, -4.0803 53.0841838, -4.080264 53.084123, -4.0803086 53.0841134, -4.0803447 53.0841743)))"
1342177693,"POINT (-4.0740627 55.8296537)"
1342177367,"Bridgend Bus Station"
1342178191,"St Columba's"
1342178697,"Eastwood Parish Church"
1342179108,village
1342179084,"MULTIPOLYGON (((-3.0418793 51.5268479, -3.0418149 51.5268246, -3.041713 51.5268145, -3.0418176 51.5267445, -3.0418739 51.5267778, -3.0418793 51.5268479)))"
1342178809,494914456
1342178536,"Kirkmichael Church"
1342178287,2419442977
1342178154,1776462647
1342178748,"Portpatrick Parish Church"
1342179733,301557299
1342179158,Upper Killay
1342177589,"POINT (-5.5117695 57.2823173)"
1342178465,"All Saints"
1342179794,301568309
1342179770,301568259
1342179334,368768619
1342177584,"POINT (-2.820977 56.4804456)"
1342177882,"POINT (-2.216571 56.9009364)"
1342177387,"Talbot Green Bus Station"
1342178836,"The Church of Jesus Christ of the Latter Day Saints"
1342179588,1454101
1342178659,"Our Lady & St John's Church"
1342177302,"MULTIPOLYGON (((-2.6783335 51.640358, -2.6782467 51.6404631, -2.6776917 51.640723, -2.6775905 51.6406908, -2.67823 51.6403564, -2.6783335 51.640358)))"
1342179714,288597026
1342179235,272332761
1342178153,"Cille Mhoire an Caibe"
1342178160,"Methodist Central Hall"
1342178298,"Saint Andrews Parish Church"
1342178104,1352418837
1342177861,"POINT (-2.730735 55.5992033)"
1342177305,"MULTIPOLYGON (((-3.283341 51.6504885, -3.2831756 51.6507887, -3.2829972 51.6507508, -3.2831626 51.6504507, -3.283341 51.6504885)))"
1342179759,301568244
1342178182,1906064227
1342177723,"POINT (-4.2863777 55.8215139)"
1342177594,"POINT (-3.6579408 55.4373384)"
1342178952,"Teampull Moluaidh ( St Moluagâs Church )"
1342178392,"Cathcart Trinity Church"
1342177674,"POINT (-4.2933591 55.8775269)"
1342179015,845940468
1342179379,408866208
1342178605,3795047093
1342179559,125401103
1342179499,"MULTIPOLYGON (((-4.2024239 53.2940888, -4.2023743 53.2941559, -4.202314 53.2941941, -4.2023088 53.2940816, -4.2023734 53.2939823, -4.2023871 53.2938268, -4.2024171 53.2939859, -4.2024239 53.2940888)))"
1342178603,3785140057
1342179432,496273660
1342177703,"POINT (-3.0095825 56.4732335)"
1342179849,301568650
1342179846,301568645
1342177442,68433295
1342178806,494147738
1342179498,"MULTIPOLYGON (((-4.6467745 53.2834154, -4.6466459 53.2833412, -4.6467045 53.2833726, -4.646732 53.2833886, -4.6467745 53.2834154)))"
1342178971,"Aberdour St Drostans"
1342177888,"POINT (-4.1847152 55.3959695)"
1342179452,"Caswell"
1342177877,"POINT (-2.9954948 56.494494)"
1342179135,"West Cross"
1342177659,"POINT (-5.99762 57.1147475)"
1342178796,"Hurlford Church"
1342178253,"Cill Choluimchille"
1342179191,222326227
1342179177,"Penrice"
1342177920,"POINT (-2.9747152 59.1197355)"
1342179102,"MULTIPOLYGON (((-4.0722208 51.7958221, -4.0721996 51.7958678, -4.0721697 51.7958831, -4.0720993 51.7958722, -4.0720658 51.7958461, -4.0720711 51.795809, -4.0721081 51.7957873, -4.0721768 51.7957862, -4.0722208 51.7958221)))"
1342179050,"Methilhill Parish Church"
1342177656,"POINT (-2.1280396 57.1442929)"
1342179337,Grovesend
1342178457,306253045
1342177724,"POINT (-4.0435284 55.8929534)"
1342179775,301568276
1342179517,"MULTIPOLYGON (((-4.5042963 53.2147294, -4.5041092 53.2147389, -4.5040139 53.2145855, -4.5041175 53.2145713, -4.5042963 53.2147294)))"
1342177854,"POINT (-4.8684705 55.7989381)"
1342178192,1933956877
1342177561,"POINT (-3.6078235 56.0147046)"
1342177669,"POINT (-4.2718878 55.8714691)"
1342179176,hamlet
1342179348,38867846
1342179473,"Upper Brynamman"
1342178839,534753802
1342177415,256429040
1342178663,"Cumbrae Parish Church"
1342178292,"Bracadale Free Church"
1342178696,448173205
1342179394,"Flemingston"
1342178198,197392452
1342178880,"Saint Magnus Church"
1342179228,"Carreggroes"
1342179111,"Caerau"
1342178303,247385682
1342178348,2682691130
1342178679,"Avoch Congregational Church"
1342177515,"POINT (-3.5294791 58.5935746)"
1342179656,252379507
1342178555,"Church of Jesus Christ of Latter-Day Saints"
1342177981,"POINT (-5.7417776 55.6768242)"
1342178391,28138559
1342178594,3681440471
1342178664,4351920286
1342179631,169696972
1342179189,Whitland
1342177476,"POINT (-7.3066112 57.086792)"
1342179484,"MULTIPOLYGON (((-3.4602427 53.279466, -3.4596184 53.2792876, -3.4586977 53.27894, -3.4588858 53.2789157, -3.4590151 53.2787985, -3.4593912 53.2788102, -3.4596537 53.2789203, -3.4599084 53.2790749, -3.4601474 53.2792436, -3.4602427 53.279466)))"
1342179480,"MULTIPOLYGON (((-4.0428001 51.5682107, -4.042523 51.5683223, -4.0423792 51.5682375, -4.0423864 51.5681207, -4.0426904 51.5680453, -4.0427646 51.5680507, -4.0428001 51.5682107)))"
1342178647,4218713232
1342177963,"POINT (-4.9617338 54.808946)"
1342179612,1547527
1342178940,"Tresta Kirk"
1342177695,"POINT (-4.4990572 55.607615)"
1342177751,"POINT (-3.6404708 55.9040385)"
1342177905,"POINT (-2.5254218 56.5885629)"
1342178987,808622781
1342178038,"Lylesland Parish Church"
1342177426,"Caerphilly Interchange"
1342179650,"Traeth Porth Dafarch"
1342179462,6803630
1342179782,301568293
1342177950,"POINT (-4.3979068 55.8023652)"
1342179845,301568642
1342179842,301568637
1342178506,"Mains of Fintry"
1342178188,1933797647
1342177873,"POINT (-4.2654733 55.4532352)"
1342178853,554288789
1342178498,"Dens Road Church"
1342178812,5025927859
1342178543,338450500
1342179333,36839608
1342179576,1447061
1342178109,"Jedburgh Old & Trinity Parish Church"
1342178769,472330011
1342178514,"Williamson Memorial Unitarian Christian Church"
1342177411,224876525
1342179773,301568268
1342177823,"POINT (-4.5740693 55.9826675)"
1342179594,1479879
1342177336,"Halfway"
1342178524,3201943808
1342179563,129466206
1342177608,"POINT (-3.1892779 55.2885433)"
1342177353,158247209
1342179617,"Dunraven Bay"
1342177691,"POINT (-5.1317213 56.8447086)"
1342178248,2311091749
1342178170,1831655477
1342179658,255462190
1342179397,420534449
1342178190,1933874452
1342179107,101525325
1342177797,"POINT (-4.9329694 55.7533034)"
1342178151,"All Saints Episcopal Church"
1342178325,"Amithaba Shrine"
1342177688,"POINT (-3.9864831 54.9811633)"
1342179416,436258944
1342178602,"Westhill Community Church"
1342178671,"St Andrew's"
1342177851,"POINT (-5.1027289 56.8205457)"
1342177697,"POINT (-5.0266876 54.9054108)"
1342178274,2371584119
1342177570,"POINT (-3.7767274 58.5591593)"
1342178661,"Urray Free Church"
1342177747,"POINT (-3.9693904 55.9529798)"
1342178323,"Chenrezig shrine"
1342179754,301559890
1342178059,1142757950
1342177780,"POINT (-4.082897 55.817794)"
1342178967,"Blairgowrie Evangelical Church"
1342179704,284289647
1342179159,1759088
1342178958,"Dingwall Baptist Church"
1342179104,100528520
1342178408,286587065
1342178009,"POINT (-5.0246626 54.90021)"
1342178425,"Tarskavaig Church"
1342178204,"Kirkmuirhill Parish Church"
1342177737,"POINT (-4.4422274 55.8417257)"
1342177973,"POINT (-5.1563075 55.576321)"
1342179839,301568599
1342177567,"POINT (-5.7899192 56.5406459)"
1342179200,"Nantgaredig"
1342178984,"Kilmaronock Church"
1342177299,"MULTIPOLYGON (((-3.0212138 51.6543852, -3.0200954 51.6544601, -3.0200793 51.6541938, -3.0211736 51.6541239, -3.0212138 51.6543852)))"
1342177461,"POINT (-3.9364199 56.1029203)"
1342179085,"MULTIPOLYGON (((-3.8323295 52.7674291, -3.8321793 52.7675979, -3.8320935 52.7675784, -3.8321847 52.7673902, -3.8323027 52.7673804, -3.8323295 52.7674291)))"
1342178600,375618372
1342178233,223744395
1342178990,813912355
1879048209,0
1342178897,"Kintore Parish Church"
1342177403,221598166
1342178546,"Glenboig Christian Fellow ship"
1342178469,"St Mary's Parish Church"
1342178239,mission hall
1342178689,444355216
1342178073,"St Mun's"
1342178421,"St James Church"
1342177992,"POINT (-4.4372502 55.8209353)"
1342179144,162119274
1342178116,1431737324
1342177622,"POINT (-4.7648317 55.9500697)"
1342179779,301568285
1342178996,"Saint Martin's Catholic Church"
1342179188,209253926
1342178980,773126167
1342177405,221598622
1342178994,"Drumclog Parish Church"
1342178572,"Idara Taleem ul Quran"
1879048207,3800
1342177836,"POINT (-4.0363535 55.8588839)"
1342177707,"POINT (-2.9854061 56.4561386)"
1342178035,"POINT (-3.4236259 56.0421776)"
1342179668,260124278
1342179299,32304449
1342178888,637690301
1342178767,472096129
1342178813,"Westruther Parish Church"
1342179016,846095262
1342177343,taxi
1342177650,"POINT (-4.0010973 55.851726)"
1342177445,95149068
1342179598,1479881
1342177592,"POINT (-4.0267944 55.8643753)"
1342179571,1446954
1342177325,"MULTIPOLYGON (((-4.1206545 53.1172771, -4.1201127 53.1173374, -4.1198637 53.1172928, -4.1196496 53.1171879, -4.1200297 53.1169415, -4.1206545 53.1172771)))"
1342177401,221597997
1342177559,"POINT (-4.2447003 57.5011571)"
1342179295,318849194
1342178585,365153546
1342179695,27694875
1342178827,524700412
1342177408,"Llantwit Major Bus Station"
1342179373,Wern-oleu-fach
1342178931,"Barrhead Evangelical Church"
1342178267,"Partick South Parish Church"
1342179622,"Pebble Beach"
1342178785,475349736
1342177543,"POINT (-4.5928855 55.574647)"
1342179105,town
1342178527,32709918
1342177991,"POINT (-2.7889944 55.4188475)"
1342178548,"Blairhill and Dundyvan church"
1342178759,471768016
1342179806,301568352
1342179802,301568347
1342179785,301568297
1342178792,"Barony Church"
1342179008,833749094
1342178375,2765956369
1342177386,221595243
1342177852,"POINT (-5.1145222 56.8163196)"
1342177926,"POINT (-3.8313671 57.8332321)"
1342177817,"POINT (-5.4850323 56.1333505)"
1342177651,"POINT (-5.0875682 55.5329799)"
1342177428,379389347
1342178166,1819228726
1342179469,"Lower Brynamman"
1342179101,"MULTIPOLYGON (((-4.5550668 53.417411, -4.5550227 53.4176744, -4.5547675 53.4177905, -4.55456 53.4179899, -4.554291 53.4179634, -4.5541456 53.4178252, -4.5542052 53.4174627, -4.5544795 53.4172202, -4.554803 53.4172196, -4.5550668 53.417411)))"
1342177997,"POINT (-2.8601116 57.0525508)"
1342178693,"Christian Bookstore"
1342178030,"POINT (-2.2129473 56.96286)"
1342178404,285893519
1342178694,4474322450
1342178486,315111775
1342178266,2359358849
1342177625,"POINT (-4.7815093 55.9585942)"
1342179349,390223380
1342178501,317761812
1342177898,"POINT (-5.3116375 55.5136849)"
1342179644,"Kenfig Sands"
1342177296,"MULTIPOLYGON (((-3.015026 51.8197975, -3.0148007 51.8204442, -3.0143501 51.8203762, -3.0146129 51.8197644, -3.015026 51.8197975)))"
1342178686,443978335
1342177955,"POINT (-2.841191 55.5464143)"
1342179082,"MULTIPOLYGON (((-3.1892712 52.5908054, -3.1892003 52.5908414, -3.1891674 52.5908533, -3.1890595 52.5908454, -3.1890091 52.5907705, -3.1890895 52.5906988, -3.1892442 52.5907135, -3.1892712 52.5908054)))"
1342178316,"St Gregory's"
1342178575,36151403
1342177389,221596794
1342179420,44376688
1342179813,301568434
1342179020,859816237
1879048210,1002
1342179291,313844137
1342177364,184872384
1342177668,"POINT (-4.234353 55.8291697)"
1342178934,691603938
1342179753,301559889
1342178595,"Menzieshill Parish Church"
1342178328,2618722910
1342178413,"St Andrew's Church"
1342179578,"Nicholaston Beach"
1342178677,"Pathhead and Dysart Spiritualist Church"
1342179568,1446951
1342179316,"Taibach"
1342179009,833772855
1342179400,"The Herberts"
1342179237,2729894
1342177374,221492233
1342179343,3834462
1342179220,252748041
1342179210,252748036
1342179091,"MULTIPOLYGON (((-3.9319709 52.4605159, -3.9318046 52.4605356, -3.9316437 52.4604767, -3.9315739 52.4604179, -3.9316168 52.4603917, -3.9317778 52.4604081, -3.931869 52.4604277, -3.9319494 52.4604538, -3.9319709 52.4605159)))"
1342177438,64962631
1342177986,"POINT (-3.3788965 56.1326169)"
1342178744,"Christ Church Edinburgh"
1342178918,678891396
1342178222,2169290224
1342177398,"Neath Bus Station"
1342179221,Ynys y Ddinas
1342179284,Ynys Gwelltog
1342179285,3012322
1342177286,"MULTIPOLYGON (((-2.999855 53.0463404, -2.999779 53.0464317, -2.9990047 53.0462284, -2.999066 53.0461356, -2.999855 53.0463404)))"
1342178916,678830434
1342178377,276721249
1342178817,504404135
1342178296,"St Andrews Church"
1342179028,"Bonnyrigg Parish Church"
1342177307,"MULTIPOLYGON (((-4.0816595 52.4143686, -4.0809287 52.4146447, -4.0809153 52.4144541, -4.0813551 52.4142745, -4.0816595 52.4143686)))"
1342178606,"Hopeman Parish Church"
1342179267,2991287
1342178290,"St Duthac's"
1342179258,Ynys Gaint
1342177731,"POINT (-3.6107252 55.0661538)"
1342179725,299859584
1342179583,1447127
1342178641,420390237
1342177329,
1342179628,"Limeslade Beach"
1342178384,"Middlefield Parish Church"
1342178619,3951494869
1342177605,"POINT (-3.7931796 56.0242751)"
1342178056,"Dalserf Parish Church"
1342178914,678492973
1342179268,"North Bishop"
1342178698,448896598
1342179253,2986992
1342179251,2986987
1342177612,"POINT (-2.8357118 57.332169)"
1342179044,"Fetteresso Church"
1342177869,"POINT (-4.5428295 55.8707989)"
1342177631,"POINT (-5.4694185 56.4101013)"
1342178028,"POINT (-4.6078997 57.3373655)"
1342179347,"Denny Island"
1342178044,1023483986
1342178607,3796786637
1342178047,"St John & St Columba"
1342177952,"POINT (-4.3973615 55.7999375)"
1342178262,2344899061
1342177538,"POINT (-4.6805755 58.4748348)"
1342179070,999133965
1879048199,3300
1342179642,195441040
1342177827,"POINT (-4.9248067 55.9491652)"
1342177632,"POINT (-2.1121679 57.1530045)"
1342178721,457321935
1342179734,301558736
1342179130,1446958
1342179415,"Brackla"
1342177965,"POINT (-7.3875133 57.3026104)"
1342179448,Kingsbridge
1342178214,"St. Peter's"
1342178778,472488653
1342178783,4748878273
1342177578,"POINT (-4.3131021 55.871233)"
1342177529,"POINT (-4.4116143 55.9239247)"
1342178471,309208545
1342179181,"Scurlage"
1342178389,281145891
1342179755,301559891
1342177547,"POINT (-4.0872801 55.7758922)"
1342177779,"POINT (-4.0817477 55.8166148)"
1342178132,1526544317
1342179384,"Saron"
1342177946,"POINT (-2.6493041 56.0249359)"
1342177580,"POINT (-4.2912072 55.8761115)"
1342178499,317759056
1342178409,"Holy Isle Centre"
1342179315,34104197
1342178598,373217579
1342177933,"POINT (-5.4741364 56.2606218)"
1342179411,"Penllergaer"
1342177649,"POINT (-2.8151403 56.4816903)"
1342179740,301558768
1342179445,6046655
1342178143,"Peebles Baptist Church"
1342177717,"POINT (-3.9564281 55.7313165)"
1342177790,"POINT (-4.494214 57.2192515)"
1342179446,"Garden Village"
1342178681,"St. Mary Immaculate"
1342178103,"Tillicoultry Parish Church"
1342179579,1447124
1342179412,43224261
1342179376,407735084
1342177976,"POINT (-2.1945614 57.6602771)"
1342179302,"Penyrheol"
1342177500,"POINT (-3.2999062 58.96252)"
1342179711,286790642
1342179481,"MULTIPOLYGON (((-4.6413496 52.136323, -4.6404561 52.1363911, -4.6402465 52.136357, -4.6399754 52.1356346, -4.6400266 52.1354585, -4.6409182 52.1352564, -4.6413496 52.136323)))"
1342178241,"Bo'ness Apostolic Church"
1342178993,820841876
1342177338,bus_station
1342178902,663225426
1342177859,"POINT (-2.7263919 55.6005756)"
1342178229,"Dull and Weem Parish Church"
1342177635,"POINT (-3.9923918 56.354342)"
1342178343,"St John the Evangelist"
1342179425,452937730
1342177929,"POINT (-2.8023899 55.6111855)"
1342178083,1280544856
1342178322,2618679638
1342178187,"St Laurence Roman Catholic Church"
1342177441,"Llanberis Interchange"
1342178821,"Kincardine Church"
1342178616,"Mastrick Parish Church"
1342178873,60944697
1342178761,471768107
1342179507,"MULTIPOLYGON (((-4.6429961 53.32498, -4.6428708 53.3250169, -4.642571 53.3250968, -4.642359 53.3251441, -4.6421907 53.3251771, -4.6423392 53.3251327, -4.6425379 53.3250827, -4.6427688 53.3250316, -4.6429961 53.32498)))"
1342179256,"Ynys Moelfre"
1342177513,"POINT (-5.6782695 56.1890323)"
1342178913,"St Mary of Wedale"
1342177499,"POINT (-4.7245161 55.2781956)"
1342178584,"Pitmeddan Church"
1342179615,164945709
1342177560,"POINT (-3.6071837 56.0162458)"
1342179757,301559898
1342179639,195441032
1342178944,"Cruden Kirk"
1342178335,"Episcopalian church"
1342178459,"Egilsay Church"
1342178297,245808387
1342177487,"POINT (-2.9416379 55.3370796)"
1342177506,"POINT (-3.9151711 56.027869)"
1342177891,"POINT (-3.7595549 57.2181051)"
1342177514,"POINT (-4.2845442 56.1819452)"
1342179435,"Llandow"
1342178369,"Knightswood St Margaret's"
1342178773,"High Cross Church"
1342179746,301558835
1342178670,4353353155
1342178513,317915375
1342177332,"Clogwyn"
1342179553,124259887
1342179401,425027813
1342177391,221596940
1342177720,"POINT (-3.9815448 55.7358346)"
1342177756,"POINT (-2.3118369 57.1566421)"
1342179304,329171326
1342178828,"New Laigh Kirk"
1342179620,"Watch House Beach"
1342179429,"Burton"
1342178794,475866029
1342178650,422559554
1342178074,1212543830
1342179451,6746272
1342179022,860034262
1342179131,suburb
1342178770,"Melrose Parish Church"
1342178001,"POINT (-2.6676836 55.5756597)"
1342178043,"Blackhall Mosque"
1342179288,"St Athan Village"
1342178326,2618710821
1879048205,3101
1342178426,2910132397
1342177940,"POINT (-4.0513372 55.8766029)"
1342178102,1345733971
1342178790,"Renfrew Trinity Church"
1342179662,260086182
1342178365,"Eaglais na h-Alba Loch GeÃ rr"
1342177671,"POINT (-4.4472304 55.9044517)"
1342179147,"Bishopston"
1342178278,2400281815
1342178901,"Elm Church"
1342177554,"POINT (-2.9409267 56.3251833)"
1342178071,"Holy Spirit"
1342178637,"Mountain of Fire and Miracles Ministries"
1342179051,921375686
1342177640,"POINT (-4.7711703 55.9469268)"
1342179641,195441039
1342179657,255438223
1342177465,"POINT (-3.9427191 56.1182739)"
1342178962,757437897
1342177439,"Caernarfon Bus Station"
1342178474,"Assembly Hall"
1342178818,"Old Cumnock Parish Church"
1342177321,"MULTIPOLYGON (((-2.9963985 53.0479751, -2.995627 53.0484899, -2.9954583 53.0484076, -2.9952255 53.0482985, -2.9959931 53.0477482, -2.996142 53.0477365, -2.996334 53.0477316, -2.9963544 53.0479532, -2.9963985 53.0479751)))"
1342178050,1128433724
1342177746,"POINT (-2.1793738 57.3367515)"
1342177705,"POINT (-2.9046973 56.4784063)"
1342178687,4441245520
1342178891,645700350
1342179701,280614738
1342178704,4545547081
1342178024,"POINT (-3.5522244 57.3417163)"
1342178788,"Inchinnan Parish Church"
1342177362,184795368
1342177327,"MULTIPOLYGON (((-3.4421637 51.7134356, -3.4420946 51.7134468, -3.4420075 51.7134654, -3.4418993 51.7134747, -3.4417401 51.7134356, -3.4411543 51.7126706, -3.4413586 51.7125947, -3.4417401 51.7127078, -3.4421637 51.7134356)))"
1342179687,273633261
1342178802,4921001943
1342179049,920161548
1342179072,"MULTIPOLYGON (((-4.1672369 53.2214277, -4.1670616 53.2214724, -4.1667097 53.2214595, -4.1665732 53.2214148, -4.1666091 53.2213348, -4.1672369 53.2214277)))"
1342177894,"POINT (-4.4960264 55.595744)"
1342177789,"POINT (-6.3815057 58.2059042)"
1342178963,757459752
1342178014,"POINT (-1.6468708 60.297741)"
1342177351,150232826
1342179212,252748037
1342179655,251952196
1342179119,"Barrels"
1342177978,"POINT (-2.2025961 57.5950402)"
1342179742,301558782
1342179246,"Midland Isle"
1342178122,"Kingdom Hall"
1342177402,"Newtown Bus Station"
1342178235,2246701258
1342177830,"POINT (-5.2411822 58.1508544)"
1342178475,310153967
1342178113,christian_protestant
1342178550,"Shieldaig Presbyterian Church"
1342177652,"POINT (-4.0295724 57.8803909)"
1342177993,"POINT (-4.4356852 55.8216734)"
1342179386,Drefelin
1342177962,"POINT (-3.1048437 55.8741482)"
1342178004,"POINT (-1.1467266 60.15241)"
1342177437,56401688
1342179651,227397529
1342178793,475866026
1342179169,1785154
1342177536,"POINT (-2.3900393 57.4303641)"
1342179632,169728534
1342179464,7379450
1342178974,771814177
1342178772,472331056
1879048196,5641
1342179669,260283144
1342178496,3174774921
1342177867,"POINT (-3.9376003 54.9215554)"
1342179528,"MULTIPOLYGON (((-4.610086 53.2473481, -4.610023 53.2473637, -4.6100069 53.2473405, -4.6100699 53.2473249, -4.610086 53.2473481)))"
1342179023,"St Josephs"
1342179330,362325456
1342179566,141686079
1342178631,"RCCG Fountain of Love Glasgow|The Redeemed Christian Church Of God"
1342179680,273631872
1342178886,633018410
1342178954,"Howmore Parish Church"
1342179040,885656164
1342178288,"St Gabriel's RC Church"
1342178058,"Humbie Kirk"
1342178080,1257926813
1342179634,169771092
1342177623,"POINT (-4.7653815 55.9511786)"
1342179152,1674538
1342178985,80019297
1342179041,"St Thomas Church"
1342178345,"Crown Terrace Baptist Church"
1342177290,"MULTIPOLYGON (((-3.6584104 51.6085213, -3.6583729 51.6087186, -3.6581462 51.6089177, -3.6580537 51.6088844, -3.6580068 51.6088536, -3.6579531 51.6084238, -3.6583192 51.608418, -3.6584104 51.6085213)))"
1342179359,"Garland Stone"
1342178098,"St John Boscos Church"
1342177744,"POINT (-3.8267058 54.9310301)"
1342178354,27070940
1342178968,764729563
1342179338,37074064
1342177382,221594895
1342179254,"Ynysoedd y Moelrhoniaid"
1342179682,"Morfa Dyffryn"
1342178146,1650680706
1342177704,"POINT (-2.9404458 56.4898328)"
1342177786,"POINT (-6.551593 58.1051653)"
1342178723,457360515
1342177380,221593969
1342178268,2371569720
1342179053,922093898
1342179092,"MULTIPOLYGON (((-3.9428017 52.5539015, -3.9426193 52.5540972, -3.9424261 52.5541754, -3.9422008 52.5541754, -3.9421579 52.5540711, -3.9423618 52.5538427, -3.9426515 52.5537906, -3.9428017 52.5539015)))"
1342177524,"POINT (-2.9491342 55.0776869)"
1342179206,249719233
1342178972,771802129
1342177860,"POINT (-2.7316877 55.5995137)"
1342178021,"POINT (-4.4269475 55.7846628)"
1342177878,"POINT (-1.7861188 57.5068185)"
1342178371,275718013
1342179544,"Poppit Sands"
1342179522,"MULTIPOLYGON (((-4.97001 51.88668, -4.969962 51.886756, -4.969881 51.886819, -4.969828 51.886846, -4.969758 51.886793, -4.969822 51.886723, -4.969897 51.886657, -4.97001 51.88668)))"
1342178186,1919914994
1342179826,301568534
1342179823,301568529
1342177443,92699107
1342177980,"POINT (-3.9672911 56.109001)"
1342177848,"POINT (-3.6985382 55.9701943)"
1342177815,"POINT (-4.3013316 55.817201)"
1342177526,"POINT (-3.3559426 56.103526)"
1342177846,"POINT (-3.9737524 55.739028)"
1342178055,1132232213
1342179468,92872118
1342179558,"Traeth Harlech"
1342177292,"MULTIPOLYGON (((-3.2391957 51.475668, -3.2391744 51.4756751, -3.2391455 51.4756415, -3.2391668 51.4756344, -3.2391957 51.475668)))"
1342179243,2832412
1342177862,"POINT (-5.2543522 56.7265853)"
1342178611,3828344658
1342177941,"POINT (-4.2307134 57.4762502)"
1342179815,301568459
1342179054,"St. Ninian's Glen Urquhart"
1342178225,"St Columba's RC Church"
1342178842,"St John the Baptist"
1342178477,310158599
1342179454,"Langland"
1342178904,663415283
1342178231,"Kemback Church"
1342178130,1521658897
1342178006,"POINT (-0.8150697 60.7976541)"
1342177460,"POINT (-2.8630503 55.8635505)"
1342178003,"POINT (-1.146158 60.1525542)"
1342177689,"POINT (-4.019131 55.8629295)"
1342178313,251706837
1342178884,619867904
1342178781,474769425
1342177838,"POINT (-5.5121362 57.2780884)"
1342178551,345159492
1342177359,16202470
1342178995,824857805
1342178249,"St Andrew's Kirk"
1342178923,685210615
1342179060,"Saint Bridget's Hall Church"
1342179037,"Our Lady & St Joseph RC church"
1342177339,"Monmouth Bus Station"
1342177303,"MULTIPOLYGON (((-3.3865795 51.9467977, -3.3864706 51.9468997, -3.3854911 51.9465024, -3.3856001 51.9464003, -3.3865795 51.9467977)))"
1342178455,3057700263
1342178382,"Ardwell Church"
1342178155,"Port of Menteith"
1342179326,358706940
1342177395,221597212
1342179387,414871250
1342178795,479261405
1342178973,"Auchmedden Church"
1342178583,36168584
1342177444,"Pontypridd Bus Station"
1342178036,"POINT (-3.424098 56.0416502)"
1342177849,"POINT (-3.7036314 55.973287)"
1342178654,"St Combs Community Church"
1342179279,3011229
1342178738,"Lochmaben Church"
1342178360,christian_anglican
1342178401,"Cathcart Baptist Church"
1342177609,"POINT (-3.1889051 55.2898217)"
1342178275,"Hillhead Baptist Church"
1342179203,242008031
1342178358,"Finnart St Paul's Church"
1342179248,"Skomer"
1342178669,"St.Aidan's"
1342178090,"Church of St. Michael"
1342179472,92872140
1342177639,"POINT (-2.1009102 57.1432255)"
1342178589,"Newburgh Parish Church"
1342177593,"POINT (-3.1627915 56.1149854)"
1342177911,"POINT (-4.4926744 55.6097773)"
1342179822,301568526
1342178921,685192404
1342178718,"Dunoon Baptist Church"
1342179071,"MULTIPOLYGON (((-5.5629659 51.7219434, -5.5558952 51.7332662, -5.551239 51.7307027, -5.5469276 51.7174562, -5.5552054 51.7062363, -5.5621036 51.7110452, -5.5629659 51.7219434)))"
1342178741,462244198
1342178673,"Colintraive Church"
1342177799,"POINT (-4.5020602 55.8283226)"
1342177906,"POINT (-4.1075956 55.7845538)"
1342177575,"POINT (-3.6494408 58.1174155)"
1342179027,871000731
1342179670,260283153
1342179244,"Skokholm"
1342178076,1221947324
1342177434,47224355
1342177699,"POINT (-3.5732048 56.1146311)"
1342177493,"POINT (-4.8956291 54.6906965)"
1342178622,"St Margaret's Cathedral"
1342177537,"POINT (-4.107045 55.8499247)"
1342179685,273631876
1342177675,"POINT (-3.183058 55.9420771)"
1342178780,473193568
1342179329,3612348
1342177735,"POINT (-2.0706826 57.3649261)"
1342179236,"Oxwich"
1342178181,"Middle Church"
1342178156,1778285586
1342177892,"POINT (-2.109235 57.1848595)"
1342179201,236825357
1342178771,472331050
1342178137,1582823197
1342179837,301568558
1342177419,28152229
1342177557,"POINT (-4.991571 56.9411932)"
1342178321,"Main Temple"
1342179536,"MULTIPOLYGON (((-4.4075167 52.19152, -4.4070417 52.1915798, -4.4061939 52.1918497, -4.4060062 52.1917412, -4.4064447 52.1915297, -4.4068565 52.1915049, -4.4071023 52.1913738, -4.4073135 52.1912414, -4.4075167 52.19152)))"
1342178964,757459768
1342177925,"POINT (-2.8511676 58.956075)"
1342178573,361266226
1342177348,145232847
1342179156,"Middletown"
1342179121,Gilwern
1342177583,"POINT (-3.9235834 55.8800746)"
1342179165,1783530
1342177902,"POINT (-3.2035942 56.33649)"
1342178522,3201781771
1342177298,"MULTIPOLYGON (((-3.1962316 51.6653709, -3.1956978 51.6655057, -3.1951116 51.6645763, -3.1955369 51.6646089, -3.1956871 51.6646772, -3.1962316 51.6653709)))"
1342178051,1129285175
1342178666,4353351924
1342179654,"Mwnt"
1342178810,4953374796
1342177455,"POINT (-2.6516092 55.9214949)"
1342177913,"POINT (-4.490107 55.5888668)"
1342179183,194713274
1342178570,"Corpus Christi"
1342179239,2832386
1342178734,458077528
1342178675,"Manor Church"
1342177772,"POINT (-4.8554189 55.2445424)"
1342179363,404084805
1342177953,"POINT (-2.9404178 56.4398693)"
1342178031,"POINT (-2.2088591 56.9617086)"
1342178713,"Vale of Leven Baptist Church"
1342179428,49586435
1342178591,"Balmerino Parish Church"
1342178216,"Kilmorich Church"
1342178111,1383426643
1342178956,"Faifley Parish Church"
1342177810,"POINT (-2.7942052 56.3413004)"
1342178228,2198449432
1342179103,island
1342178007,"POINT (-1.3266204 60.1040556)"
1342179375,"Wernolau Fawr"
1342179079,"MULTIPOLYGON (((-5.2590483 51.9024409, -5.2585113 51.9027233, -5.2584856 51.9027147, -5.2584926 51.9027003, -5.2590226 51.9024236, -5.2590437 51.902428, -5.2590483 51.9024409)))"
1342179252,"Ynys Berchen"
1342178924,"Bourock Parish Church"
1342178863,560985611
1342178435,299251197
1342178854,"Duns Parish Church"
1342178067,1160883967
1342179154,1675779
1342178617,3890539859
1342178937,701201354
1342177295,"MULTIPOLYGON (((-3.2412804 51.4779841, -3.2412589 51.477995, -3.2412147 51.4779609, -3.2412362 51.4779501, -3.2412804 51.4779841)))"
1342177740,"POINT (-3.218234 55.9384166)"
1342179036,881219876
1342179045,914192114
1342179705,285022892
1342178451,3032193666
1342179305,"St Brides Major"
1342179255,2987001
1342177381,"Brecon Bus Station"
1342177396,"Pwllheli Bus Station"
1342178221,"Liff Parish Church"
1342178860,"Christ Church"
1342178393,28213505
1342178618,393358245
1342177754,"POINT (-3.0499518 55.9437627)"
1342177309,"MULTIPOLYGON (((-4.4181864 52.8874554, -4.4180732 52.8874783, -4.4176346 52.8875666, -4.4175185 52.8873569, -4.4180703 52.8872457, -4.4181864 52.8874554)))"
1342178805,"Free Church of Scotland Bracadale"
1342178502,"Lochee West Parish Church"
1342177636,"POINT (-2.1229023 57.1688032)"
1342177447,96856953
1342179691,275484824
1342179250,"Middle Mouse"
1342177736,"POINT (-5.7146151 57.2851112)"
1342177617,"POINT (-2.1011843 57.1433459)"
1342179447,6731419
1342178582,"St Peter's"
1342177599,"POINT (-2.1024111 57.1429624)"
1342179732,301557296
1342179336,369559196
1342178877,611632755
1342178332,2625933336
1342179834,301568555
1342177518,"POINT (-5.1200953 55.5397595)"
1342177470,"POINT (-4.0532124 57.0787993)"
1342179519,"MULTIPOLYGON (((-4.1484262 52.9102051, -4.1483994 52.9102714, -4.1483323 52.9102892, -4.1481714 52.910273, -4.148125 52.9102053, -4.1483843 52.9101536, -4.1484262 52.9102051)))"
1342179367,406991957
1342178089,1306591433
1342177357,161548580
1342177760,"POINT (-2.1225176 57.136398)"
1342177677,"POINT (-4.297973 55.876711)"
1342179318,343004372
1342177521,"POINT (-2.1007212 57.1609288)"
1342179453,6748939
1342178942,"Motherwell Cathedral"
1342179298,32260473
1342178558,"Salvation Army Hall"
1342179320,34528658
1342178808,494902253
1342179293,"Bryncethin"
1342177472,"POINT (-3.4726841 56.4044375)"
1342179369,407218418
1342179643,204830972
1342178760,"United Free Church"
1342177791,"POINT (-1.9131247 57.656774)"
1342178592,366742981
1342177360,bus_stop
1342178774,472331069
1342177508,"POINT (-2.8358469 56.0356889)"
1342179209,"Carreg Onnen"
1342179098,"MULTIPOLYGON (((-3.4613798 51.482841, -3.46131 51.4830728, -3.4612081 51.4831483, -3.4610579 51.4830862, -3.4609131 51.4829225, -3.4609506 51.482829, -3.4609614 51.4827054, -3.4611277 51.4826987, -3.4612993 51.4827254, -3.4613798 51.482841)))"
1342179123,"Flat Holm"
1342178847,542787328
1342178494,"Saint John the Evangelist"
1342177757,"POINT (-5.140991 55.5753287)"
1342177410,"Sketty Cabs"
1342179306,33267039
1342178941,705337025
1342179033,881219868
1342179003,827597680
1342179031,874379136
1342177528,"POINT (-5.5611749 57.2843995)"
1342177964,"POINT (-6.2599889 58.5036696)"
1342178895,"Kilmelford Parish Church"
1342178528,"St Catherine of Alexandria"
1342179382,"Cefnllech"
1342177716,"POINT (-3.2221469 55.9423375)"
1342178998,826665204
1342178041,1021419660
1342178715,"St. Mungo's Episcopal Church"
1342178908,664013053
1342178489,316106481
1342179280,"Ramsey Island"
1342177633,"POINT (-2.0945913 57.170747)"
1342179717,tree
1342179143,"Carreg-Yr-Halen"
1342179145,Gileston
1342179366,"Clyngwyn"
1342179790,301568303
1342179763,301568248
1342179389,414871251
1342178624,"Bunkle Church"
1342179551,123616652
1342177834,"POINT (-5.2395551 58.1535733)"
1342177839,"POINT (-5.5280684 57.2867702)"
1342178202,"Eriboll Church"
1342178710,4549720547
1342179482,"MULTIPOLYGON (((-3.1993323 53.3208597, -3.1993214 53.3210157, -3.1992344 53.3210872, -3.1989733 53.3211001, -3.1989461 53.3210254, -3.1991093 53.3209182, -3.1992235 53.3208077, -3.1993323 53.3208597)))"
1342179716,289105152
1342179440,"Anglesey"
1342178861,560143026
1342177866,"POINT (-3.9755808 57.7364101)"
1342179595,"Caswell Bay"
1342179442,"Holy Island"
1342177422,"Pontprenshitw"
1342179457,6748941
1342178636,4187737593
1342178395,28215199
1342178566,357636443
1342177974,"POINT (-3.3397411 56.5939901)"
1342178568,"Cumbernauld United Reformed Church"
1342178438,"Old Church of Bona"
1342179618,164945875
1342177452,"POINT (-3.2575553 55.9612313)"
1342179503,"MULTIPOLYGON (((-4.3196903 53.0962964, -4.3195922 53.096283, -4.3195582 53.0962063, -4.3195365 53.0960274, -4.3195388 53.0958462, -4.3195747 53.0960431, -4.3196258 53.0961758, -4.3196903 53.0962964)))"
1342177821,"POINT (-4.5850419 55.9767064)"
1342179623,165035067
1342178479,310160904
1342178746,"Hermitage of the Transfiguraton"
1342178512,"The Gate Christian Fellowship"
1342178068,1165221317
1342177784,"POINT (-2.9557069 58.9822265)"
1342177576,"POINT (-4.3038726 55.8705874)"
1342177628,"POINT (-5.338542 56.0627698)"
1342177863,"POINT (-4.0269157 57.8793773)"
1342177977,"POINT (-2.2613935 57.6759485)"
1342177602,"POINT (-6.4934781 57.0586917)"
1342179718,290417011
1342179692,275484828
1342177718,"POINT (-3.2261405 55.9388335)"
1342177288,"MULTIPOLYGON (((-3.8091857 53.2842083, -3.8091725 53.2842494, -3.8089456 53.2842234, -3.8089588 53.2841823, -3.8091857 53.2842083)))"
1342177283,"MULTIPOLYGON (((-4.0960447 53.0956141, -4.0960086 53.0956258, -4.0959763 53.0955897, -4.0960124 53.0955781, -4.0960447 53.0956141)))"
1342178367,"Knightswood Church"
1342179422,445057404
1342179799,301568320
1342179797,301568315
1342178075,"Rosyth Parish Church"
1342178757,4715195646
1342178039,100059603
1342179232,265471430
1342177658,"POINT (-5.8536023 57.1119498)"
1342177842,"POINT (-4.0465712 55.7600577)"
1342178095,1316608883
1342179263,2987757
1342179589,1454102
1342178374,"St. Ninian's Church"
1342179541,105704070
1342177840,"POINT (-3.43876 55.1264124)"
1342178311,2497769959
1342177670,"POINT (-4.2474854 55.8623033)"
1342178885,"St Mary's Chapel"
1342178630,4103934079
1879048221,4121
1342179478,"MULTIPOLYGON (((-3.6121014 51.830607, -3.6120558 51.8306369, -3.6120126 51.830653, -3.6119324 51.8306336, -3.6119188 51.8305909, -3.611974 51.8305507, -3.6120462 51.8305088, -3.6120759 51.8305399, -3.6121014 51.830607)))"
1342179058,"Stonehaven South Church"
1342178977,"Rosehearty Church"
1342179494,"MULTIPOLYGON (((-4.5986028 53.288612, -4.5985099 53.2886454, -4.5982936 53.2886689, -4.5981258 53.2886224, -4.5986028 53.288612)))"
1342179132,"Newton"
1342178169,"Aberdeen Mosque and Islamic Centre"
1342179765,301568250
1342179760,301568245
1342179467,Gwaun-cae-gurwen
1342179458,"Mayals"
1342178263,2351483296
1342177686,"POINT (-4.6216709 55.4661975)"
1342178099,1332290282
1342178950,727931142
1342178199,197604177
1342178733,457853689
1342178892,"Wallneuk North Church"
1342177914,"POINT (-3.212152 57.0397117)"
1342178063,1148164964
1342177995,"POINT (-4.5244146 56.0439761)"
1342177710,"POINT (-2.9665457 56.466322)"
1342179430,496273656
1342179125,"Hats"
1342179115,108817275
1342177334,"Hebron"
1342177930,"POINT (-4.2379428 57.4818291)"
1342177820,"POINT (-4.5751563 55.9869784)"
1342178211,2023744898
1342177471,"POINT (-3.1708054 55.4188562)"
1342177435,55217446
1342177890,"POINT (-2.9558155 59.2984225)"
1342179093,"MULTIPOLYGON (((-4.5989055 51.886773, -4.5985327 51.8872427, -4.5978518 51.8871324, -4.5978364 51.8867064, -4.598049 51.8856776, -4.5984557 51.8857118, -4.598505 51.8863755, -4.5988809 51.886366, -4.5989055 51.886773)))"
1342179192,222326228
1342177853,"POINT (-4.3646267 55.9063047)"
1342178428,2930003152
1342179778,301568282
1342179841,301568631
1342179414,436165170
1342178500,"Hillbank Evangelical Church"
1342177654,"POINT (-2.9491209 56.333628)"
1342179339,"Alberbury"
1342177440,68425757
1342178054,"Our Lady and St Ninian"
1342178355,"St. John's Episcopal Church"
1342178844,"Church of the Nazerene"
1342178414,288193525
1879048195,5622
1342178975,"New Pitsligo Church"
1342177777,"POINT (-7.0429957 57.8959514)"
1342178747,4657946386
1342178324,2618694917
1342178523,"Elim Pentecostal Church"
1342179223,"Porthcawl"
1342179179,"Comins Coch Community Boundary"
1342177983,"POINT (-4.4870803 56.0547047)"
1342177826,"POINT (-4.9288944 55.9506115)"
1342177586,"POINT (-3.4950342 58.5142757)"
1342178945,711583298
1342179795,301568312
1342179792,301568307
1342177482,"POINT (-4.4182748 58.4788553)"
1342177645,"POINT (-2.8764196 56.4670106)"
1342177725,"POINT (-4.036972 55.8610552)"
1342178982,778110649
1342177347,"Wrexham Central"
1342179261,2987754
1342179259,2987749
1342179750,301558973
1342178341,"St Margaret of Scotland"
1342178423,"Sleat Free Church"
1342178388,"Greenock Baptist Church"
1342177895,"POINT (-4.4973745 55.6098259)"
1342179186,209251059
1342179146,165032876
1342178407,"St Stephens"
1342179141,"Cefn Cribwr"
1342177590,"POINT (-6.4167366 57.3564622)"
1342177416,"Swansea bus station"
1342178507,317764657
1342178556,3508003083
1342178342,2682215382
1342177377,"Haverfordwest"
1342177767,"POINT (-3.7797292 55.1402246)"
1342179426,"Llanfairpwllgwyngyll"
1342178519,"Sri Guru Nanak Gurdwara"
1342178330,2623027753
1342179581,"Pobbles Beach"
1342178615,3876634503
1342179699,"Traeth Penrhos"
1342178314,251804653
1342178871,60481174
1342178478,"Parish Church"
1342177383,"Rhyl Bus Station"
1342178627,4027316016
1342178826,"Riccarton Parish Church"
1342179074,"MULTIPOLYGON (((-4.2641666 51.5521324, -4.2641624 51.5521945, -4.2641241 51.5522313, -4.264065 51.5522183, -4.2640581 51.5521815, -4.2641666 51.5521324)))"
1342179783,301568294
1342179780,301568289
1342178915,"Ruthwell Church"
1342178629,406369754
1342179648,204832130
1342178917,"Arngask Church"
1342177690,"POINT (-4.4166006 55.8471962)"
1342179332,"Penmaen"
1342179533,"MULTIPOLYGON (((-4.4954175 53.1866682, -4.4952937 53.186924, -4.4950496 53.1869352, -4.4949477 53.1868195, -4.495274 53.1866277, -4.4954175 53.1866682)))"
1342179178,1867854
1342177427,379389339
1342177392,"Aberystwyth Bus Station"
1342177881,"POINT (-6.3403045 57.2965497)"
1342178858,"Henderson Church"
1342177550,"POINT (-3.1024886 56.4882951)"
1342178859,559722714
1342178120,1463009443
1342179602,1479885
1342178119,1454366014
1342178503,317763048
1342178740,"Portobello Baptist Church"
1342178678,4393755911
1342178903,"Ebenezer Evangelical Church"
1342178685,"Auld Simon Kirk"
1342177451,"POINT (-4.4755787 55.6176502)"
1342177805,"POINT (-4.1718273 57.5675003)"
1342177743,"POINT (-2.2175012 57.1467664)"
1342178018,"POINT (-2.9611703 58.9787914)"
1342179182,1871320
1342178133,"Govan & Linthouse Parish Church"
1342178242,2294780815
1342178775,472359186
1342179550,"Ynyslas Beach"
1342179262,"Church Island"
1342177887,"POINT (-3.0689219 57.2011062)"
1342177855,"POINT (-4.869968 55.7935735)"
1342179694,276312331
1342179693,276312326
1342178999,"St Peters Catholic Church"
1342177775,"POINT (-4.3775977 55.9081619)"
1342178633,"Craighhalbert Church"
1342178403,"South Church"
1342178185,"Duntocher Trinity Parish Church"
1342178553,3452140520
1342177672,"POINT (-4.5219866 55.4861234)"
1342178876,"Moncur Memorial Church"
1342179307,Wick
1342177813,"POINT (-3.1942325 55.9497704)"
1342177505,"POINT (-3.991648 55.817135)"
1342178762,471768319
1342179546,116042819
1342177486,"POINT (-2.5536693 55.474628)"
1342179476,96327659
1342178196,1938279959
1342178883,"Tarbat Free Church Continuing"
1342178955,745951398
1342178992,820394000
1342177713,"POINT (-4.5774541 55.8565338)"
1342179402,"Eglwys Brewis"
1342178078,1255639023
1342178318,2529865451
1342178443,3012746390
1342177366,221488375
1342178205,199844237
1342178849,546672175
1342178845,540339724
1342177421,285579346
1342177796,"POINT (-4.4645583 57.5186863)"
1342179781,301568291
1342179646,"Margam Sands"
1342177921,"POINT (-2.6054911 59.111785)"
1342177919,"POINT (-3.3216071 56.1219641)"
1342177545,"POINT (-4.0613576 55.767376)"
1342179562,126447897
1342178635,"Chapel site"
1342177610,"POINT (-2.219464 57.3710479)"
1342177798,"POINT (-4.505026 55.8279292)"
1342177527,"POINT (-4.042175 55.8575677)"
1342177397,221597597
1342178383,278562196
1342179621,165032240
1342179310,"Newport"
1342178070,1185096794
1342179319,"Velindre"
1342177683,"POINT (-3.9942415 55.7859757)"
1342177806,"POINT (-4.2924667 55.8259111)"
1342177907,"POINT (-3.6371917 55.9028975)"
1342179600,1479882
1342178206,"St David's RC Primary School"
1342177413,234870673
1342178236,"St Ciaran's Church"
1342178209,2014100225
1342179660,258352184
1342179088,"MULTIPOLYGON (((-3.5922675 52.0024805, -3.5922461 52.0025993, -3.5920851 52.002672, -3.5919349 52.0026324, -3.5919349 52.0025201, -3.5920959 52.0025069, -3.592171 52.0024012, -3.5922675 52.0024805)))"
1342178203,1991221623
1342179609,"Swansea Bay"
1342179296,318849195
1342177792,"POINT (-2.4725298 57.3071737)"
1342178138,"St Monica`s Chapel"
1342178210,Dallas Kirk
1342178340,26766909
1342178703,454080420
1342178544,"St. Margaret's Scottish Episcopal Church"
1342178816,"New Cumnock Parish Church"
1342177856,"POINT (-5.1037744 56.8365245)"
1342178452,"Kelvinside Hillhead Church"
1342179109,"Nantyffyllon"
1342178545,3391087813
1342177778,"POINT (-3.1772644 55.973163)"
1342178306,"St Mary`s"
1342179391,414873116
1342177788,"POINT (-2.872263 57.285913)"
1342179137,"Ynys Benlas"
1342179313,3369064
1342179803,301568348
1342179786,301568298
1342178351,"Applegarth Church"
1342177774,"POINT (-2.5839811 56.5579751)"
1342178121,1463009517
1342179059,942207815
1342178176,1864872125
1342177970,"POINT (-6.386157 58.2135838)"
1342178415,"Dairsie Church"
1342178460,3068472635
1342178183,"St Donnan's Church"
1342179012,"Newtown Kirk"
1342177761,"POINT (-1.1478969 60.1550364)"
1342179611,"Swansea Beach"
1342178243,"Craigmailen UFC Church"
1342178020,"POINT (-4.4253286 55.7855326)"
1342177293,"MULTIPOLYGON (((-3.2401207 51.473144, -3.24007 51.473154, -3.240064 51.4731422, -3.2401147 51.4731322, -3.2401207 51.473144)))"
1342178562,354963460
1342178730,"Assynt Free Church of Scotland"
1342178017,"POINT (-2.9554679 58.9792035)"
1342179380,"Ffos-y-bar Farm"
1342178841,535632229
1342177429,379389348
1342178431,2954408333
1342178416,2883007911
1342178484,"Kilmallie Parish Church"
1342179545,114989516
1342179090,"MULTIPOLYGON (((-3.9332208 52.4607088, -3.9332101 52.460748, -3.9331564 52.4607905, -3.9330921 52.460797, -3.9330491 52.4607578, -3.9330921 52.4606859, -3.9331618 52.4606924, -3.9332208 52.4607088)))"
1342179168,"Horton"
1342177467,"POINT (-3.9406658 56.1019663)"
1342177358,"Swansea City Bus Station"
1342177621,"POINT (-3.4066415 55.1448788)"
1342177373,"Cwmbran Bus Station"
1342179745,301558800
1342178277,2393013853
1342179475,"Burry Holms"
1342177483,"POINT (-3.7352094 56.1524821)"
1342177885,"POINT (-3.167749 55.9755677)"
1342178337,"Beath and Cowdenbeath North Church"
1342177601,"POINT (-6.4947003 57.0533545)"
1342178691,"Urr Parish Church"
1342179017,846095305
1342177477,"POINT (-7.396759 57.3874293)"
1342178843,539546185
1342178739,4621875228
1342178019,"POINT (-2.9630195 58.9784357)"
1342178447,303000795
1342178949,"Cockpen and Carrington Church Hall"
1342177423,285592714
1342179312,Gateholm
1342179569,1446952
1342177624,"POINT (-4.7657313 55.949167)"
1342177939,"POINT (-5.8563559 57.1132322)"
1342179010,833772856
1342178126,1504528940
1342178294,"Kinloss & Findhorn Parish Church"
1342179061,942207832
1342178587,"Inverness East Church"
1342177871,"POINT (-4.3902225 55.8767457)"
1342178889,639062340
1342179723,299842172
1342178273,"Re:Hope"
1342178850,"Bathgate EU United Reformed Church"
1342177350,146630095
1342179325,"Blaenwaun"
1342179585,1447128
1342177306,"MULTIPOLYGON (((-3.3058092 51.664977, -3.3055367 51.6651921, -3.3054042 51.6652016, -3.305255 51.6651331, -3.3051357 51.6650541, -3.3058092 51.664977)))"
1342179026,"Davidson's Mains Parish Church"
1342177375,"Bangor bus station"
1342178307,249457602
1342177957,"POINT (-0.8926086 60.5935703)"
1342178649,422559546
1342178308,"Calder Parish Church"
1342179805,301568350
1342179784,301568295
1342179722,298816
1342178784,"St Thomas"
1342177923,"POINT (-6.5277265 56.6258632)"
1342179006,833556368
1342177555,"POINT (-4.7486753 58.568517)"
1342178245,"Aberdalgie Church"
1342178621,3956019385
1342177776,"POINT (-4.0122842 55.9578494)"
1342178614,3851465027
1342179577,1447063
1342179161,1763020
1342178837,532490017
1342179322,"Bank Farm"
1342179076,"MULTIPOLYGON (((-4.2635093 51.5518952, -4.2634919 51.5519731, -4.2634397 51.552025, -4.2633841 51.5520033, -4.2633771 51.5519579, -4.2633737 51.5519125, -4.2633737 51.5518736, -4.2634258 51.551852, -4.2634641 51.5518563, -4.2635093 51.5518952)))"
1342177795,"POINT (-3.9250041 55.6731812)"
1342178658,429778935
1342178737,4581046293
1342178894,652516327
1342179064,"Church of the Immaculate Conception"
1342178557,352863090
1342177989,"POINT (-4.1611108 55.6244382)"
1342177629,"POINT (-4.349753 55.9005703)"
1342179438,"Rhostyllen"
1342178709,"Renton Trinity Parish Church"
1342177407,221599057
1342178645,4206542889
1342177917,"POINT (-3.3128723 56.1329588)"
1342178037,christian
1342178684,443978333
1342179234,"St Mary Church"
1342179565,"Traeth Llanddwyn"
1342179077,"MULTIPOLYGON (((-3.8276606 53.1871643, -3.8276606 53.1873314, -3.8275641 53.1874022, -3.827489 53.1872543, -3.8274246 53.1869521, -3.827328 53.1865664, -3.8273388 53.18638, -3.8274353 53.1863736, -3.8275748 53.1868236, -3.8276606 53.1871643)))"
1342177475,"POINT (-3.1972484 59.0425611)"
1342177511,"POINT (-3.1337855 55.9088179)"
1342177519,"POINT (-2.7316541 55.4351138)"
1342178648,421900068
1342179496,"MULTIPOLYGON (((-4.6337407 53.3174765, -4.6337289 53.3174675, -4.6337183 53.3174588, -4.6337071 53.3174488, -4.6337407 53.3174765)))"
1342178569,359090553
1342179726,300804191
1342178724,"Carloway Church of Scotland"
1342178251,"Our Lady of Perpetual Succour"
1342178015,"POINT (-1.6554775 60.3024773)"
1342178539,335347775
1342179257,2987204
1342178593,"Bathgate High Parish Church"
1342178144,1623547390
1342178735,4580920920
1342179225,"Sheep Island"
1342177579,"POINT (-4.304775 55.8724265)"
1342177300,"MULTIPOLYGON (((-4.1265601 53.2285493, -4.1264753 53.2285539, -4.1258157 53.2277017, -4.1258805 53.2276818, -4.1262287 53.2281174, -4.1265601 53.2285493)))"
1342178957,746768159
1342177463,"POINT (-3.9371119 56.119183)"
1342178201,1989699565
1342179281,3012320
1342177837,"POINT (-5.2003042 58.242317)"
1342177648,"POINT (-2.8225464 56.4809365)"
1342178412,288188261
1342179126,128431721
1342178168,1830659924
1342178129,"Dailly Parish Church"
1342177615,"POINT (-4.3061167 55.8716662)"
1342179586,1447130
1342179580,1447125
1342179649,207658410
1342179479,"MULTIPOLYGON (((-4.7775723 51.6417659, -4.7773503 51.642252, -4.7770284 51.642465, -4.7763922 51.6422986, -4.7766497 51.6418725, -4.7768428 51.6412599, -4.7774436 51.6413531, -4.7775723 51.6417659)))"
1342178061,1148135223
1879048213,1010
1342179272,"Sealand"
1342179406,426108071
1342178951,733672041
1342178868,"Lochgelly Baptist Church"
1342177904,"POINT (-4.0813183 55.8187883)"
1342178580,"Dalbeattie Parish Church"
1342177496,"POINT (-3.0675622 54.9956161)"
1342179227,259879446
1342179113,104059554
1342179738,301558749
1342178729,457692226
1342179393,415378921
1342179811,301568394
1342177406,"Mold Bus Station"
1879048211,1003
1342178097,1326869003
1342177287,"MULTIPOLYGON (((-3.1795012 51.4759638, -3.1794523 51.4759652, -3.1794555 51.4760081, -3.178625 51.4760321, -3.1786162 51.4759137, -3.1794483 51.4758898, -3.1794511 51.4759285, -3.1794985 51.4759271, -3.1795012 51.4759638)))"
1342177335,111686304
1342179640,195441033
1342177627,"POINT (-7.3784735 57.2964804)"
1342177801,"POINT (-5.0583245 55.8362259)"
1342179572,1446956
1342179035,"Kirkwall Baptist Church"
1342178077,"Badenoch Free Church"
1342178530,"Saltyard"
1342177698,"POINT (-7.3327054 57.5514623)"
1342177749,"POINT (-3.2311479 56.3506994)"
1342178768,472231175
1342179807,301568374
1342179508,"MULTIPOLYGON (((-4.6473756 53.2838697, -4.647174 53.2839172, -4.6470167 53.2839669, -4.6467748 53.2840532, -4.6466415 53.2840583, -4.6466311 53.284023, -4.6467606 53.2839568, -4.6469401 53.2838982, -4.6473269 53.2837862, -4.6473756 53.2838697)))"
1342178259,"North Court Parish"
1342179505,"MULTIPOLYGON (((-4.6265255 53.3118113, -4.6264831 53.3118461, -4.6263074 53.311989, -4.6262839 53.3120081, -4.6261802 53.311913, -4.6263062 53.3118116, -4.6264537 53.3118078, -4.6265255 53.3118113)))"
1342178450,"St Mary the Virgin"
1342178537,3345997987
1342178023,"POINT (-2.2170964 56.9685276)"
1342177971,"POINT (-6.3856231 58.2147595)"
1342179399,422308814
1342178779,"Celt Street Evangelical Church"
1342178732,"St Augustine"
1342177844,"POINT (-3.1482126 55.8783694)"
1342177565,"POINT (-4.7355681 56.0048511)"
1342178597,"Tantallon Road Mosque"
1342179636,1778742
1342179427,47482459
1342177425,301553361
1342177908,"POINT (-4.8415651 56.8918087)"
1342178218,"St. Mark's Primary School"
1342179383,408871019
1342177715,"POINT (-3.1565771 55.9032773)"
1342179509,"MULTIPOLYGON (((-4.0681645 52.71486, -4.0679886 52.7149926, -4.0678169 52.7149536, -4.0672805 52.7144856, -4.0669586 52.7139917, -4.0670873 52.7137577, -4.0673877 52.7137707, -4.0678598 52.7141087, -4.0680143 52.714535, -4.0681645 52.71486)))"
1342179816,301568461
1342179374,407735077
1342179129,"Worms Head"
1342178540,"Irongray Church"
1342178062,"Church of the Holy Rude"
1342179249,2856487
1342177507,"POINT (-3.1868672 55.6507673)"
1342178518,sikh
1342179530,"MULTIPOLYGON (((-3.2842283 51.3896492, -3.284222 51.3898161, -3.2839461 51.3897977, -3.2838041 51.3897108, -3.2840907 51.3896606, -3.2842283 51.3896492)))"
1342178925,689389521
1342178692,445079365
1342177597,"POINT (-4.0215772 55.8526639)"
1342178420,290625007
1342177990,"POINT (-5.155798 57.8972104)"
1342177903,"POINT (-4.0809804 55.8247512)"
1342178356,27070944
1342178820,510122644
1342178928,"Barrhead Methodist Church"
1342179511,"MULTIPOLYGON (((-4.3875429 53.1912548, -4.3873958 53.1914132, -4.3873779 53.1916912, -4.3872502 53.1917395, -4.3867526 53.1916735, -4.3875429 53.1912548)))"
1342179381,408871004
1342178620,"Prestwick South Parish Church"
1342179271,3009829
1342177282,"MULTIPOLYGON (((-4.1180155 53.1046596, -4.1179132 53.1046853, -4.1177627 53.1044688, -4.117865 53.1044432, -4.1180155 53.1046596)))"
1342178509,317765660
1342179497,"MULTIPOLYGON (((-4.6488376 53.2839241, -4.6487547 53.2839149, -4.6487883 53.2839179, -4.6488149 53.283921, -4.6488376 53.2839241)))"
1342178577,36151405
1342177345,"Pontypridd"
1342179810,301568386
1342179155,1675802
1342179364,"Llan"
1342179065,942207853
1342178405,"St Rule's"
1342178165,"Cavers and Kirkton Parish Church"
1342179702,280614739
1342179114,"Ynys Castell"
1342179275,3011119
1342177802,"POINT (-5.1312982 55.9144955)"
1342177285,"MULTIPOLYGON (((-3.9411527 51.6258882, -3.9411515 51.6259071, -3.9408048 51.6259093, -3.9407325 51.6258427, -3.9410653 51.6256314, -3.9410827 51.6256399, -3.940784 51.6258429, -3.9408271 51.6258947, -3.9411527 51.6258882)))"
1342178444,"Strathclyde University Muslim Student Association"
1342178362,2728335488
1342177363,184795369
1342179352,391246334
1342179011,833772857
1342179604,1492252
1342178745,4628391734
1342177449,97317323
1342179222,252748043
1342179214,252748038
1342178531,3328651709
1342179357,"Cribinau"
1342177384,221595013
1342177341,"Swansea"
1342178334,2645635920
1342178986,"Fyvie Kirk"
1342178656,4287913099
1342177927,"POINT (-3.6799978 58.6077674)"
1342178953,745823443
1342178803,492884752
1342178152,1746033052
1342179537,"MULTIPOLYGON (((-4.9746572 51.884452, -4.9745305 51.8845833, -4.9743179 51.8847422, -4.9739424 51.8849348, -4.9737065 51.884803, -4.9739854 51.884558, -4.9740927 51.8843395, -4.9743502 51.8843064, -4.9746572 51.884452)))"
1342178053,1129691753
1342178456,"St Catharine's Church"
1342177811,"POINT (-4.1947019 55.7563935)"
1342177564,"POINT (-5.604693 57.7647482)"
1342178896,652516348
1342177313,"MULTIPOLYGON (((-4.1577751 51.6823852, -4.156329 51.6830194, -4.1562769 51.6829728, -4.1577221 51.6823432, -4.1577751 51.6823852)))"
1342178801,"Peterhead Baptist Church"
1342177390,"Treharris Bus Station"
1342178429,2946290687
1342177875,"POINT (-4.4553605 55.6026945)"
1342178800,4861782182
1342177354,"Holyhead"
1342178424,2910132395
1342179199,226558700
1342178665,"Johnstone Baptist Church"
1342177619,"POINT (-2.1090154 57.1469639)"
1342178173,"Aberdeen St Mark's Church of Scotland"
1342178171,"Cathedral of St Mary of the Assumption"
1342179652,248578769
1342179495,"MULTIPOLYGON (((-4.6504472 53.283989, -4.6502791 53.2840078, -4.6502735 53.2839821, -4.6503843 53.2839209, -4.6504472 53.283989)))"
1342178811,"Kagyu Samye Dzong (Tibetan Buddhist Meditation Centre)"
1342179681,273631873
1342177308,"MULTIPOLYGON (((-3.4582078 51.6258435, -3.4579727 51.6258528, -3.4579167 51.6253066, -3.4581518 51.6252973, -3.4582078 51.6258435)))"
1342179163,1763021
1342178025,"POINT (-4.2646712 55.8646176)"
1342179721,"Traeth Mawr"
1342178657,4291912084
1342177803,"POINT (-3.2400148 55.6291954)"
1342177655,"POINT (-2.9285325 56.4712245)"
1342178491,316112627
1342178532,"Gospel Hall"
1342177409,221599240
1342179238,Grassholm
1342179532,"MULTIPOLYGON (((-4.0818262 52.8996224, -4.0816987 52.8996416, -4.0816029 52.8996339, -4.0815157 52.8995915, -4.0814965 52.8995298, -4.0815335 52.8993752, -4.0815931 52.8994829, -4.0816903 52.8995712, -4.0817862 52.8996187, -4.0818262 52.8996224)))"
1342179538,beach
1342179106,"Maesteg"
1342179493,"MULTIPOLYGON (((-4.6337301 53.3172608, -4.6336455 53.3172599, -4.6335505 53.3172579, -4.6335454 53.3172173, -4.6337301 53.3172608)))"
1342179294,317986805
1342178766,"Kilmallie Free Church"
1342179713,"St Cybi's Well"
1342179166,"Port Eynon"
1342179488,"MULTIPOLYGON (((-4.6335309 53.3172523, -4.6334449 53.3172144, -4.6335263 53.3172168, -4.6335309 53.3172523)))"
1342179066,972160653
1342178586,365873748
1342178258,2339091063
1342179096,"MULTIPOLYGON (((-3.3847173 52.4411862, -3.3845349 52.4411927, -3.3842989 52.4413039, -3.3841379 52.4412647, -3.3842881 52.4412124, -3.3844598 52.4410423, -3.3845563 52.4410292, -3.3847173 52.4411862)))"
1342178905,"Kilmore Church"
1342178938,"Rosemarkie Church"
1342177750,"POINT (-3.0250707 56.4088001)"
1342178100,"Glasgow South Christadelphian Church"
1342179134,155987239
1342177552,"POINT (-2.0921311 57.1486595)"
1342178981,"Gigha and Cara Parish Church"
1342179703,280796699
1342177959,"POINT (-1.8840919 57.4194637)"
1342178011,"POINT (-3.2722179 55.9634767)"
1342177606,"POINT (-3.1887227 55.2896064)"
1342177899,"POINT (-4.05579 55.7785626)"
1342179290,"Treffynnon"
1342178948,726652522
1342178197,Drumblade
1342179584,"Oxwich Beach"
1342177556,"POINT (-3.4689828 56.6799897)"
1342178758,"Faith Mission Centre"
1342179390,"Coed-y-Brin"
1342178476,"Parton Parish Church"
1342179829,301568540
1342179827,301568535
1342179456,"Mumbles"
1342179297,"Laleston"
1342178309,249492719
1342178588,365982731
1342178139,1593802145
1342178033,"POINT (-2.2076575 56.9619292)"
1342177294,"MULTIPOLYGON (((-3.2469216 51.4716792, -3.2468601 51.4716915, -3.2468524 51.4716766, -3.2469139 51.4716643, -3.2469216 51.4716792)))"
1342178561,"Saint Munda"
1342178368,275200094
1342179024,860034322
1342178339,"Glasgow Reformed Presbyterian Church"
1342177600,"POINT (-4.0337789 55.8616695)"
1879048200,3102
1342178874,"Saint Mary's Chapel"
1342178719,455606645
1342179666,260086192
1342179665,260086187
1342178830,"Saint Andrews"
1342178731,457692247
1342179821,301568515
1342179676,270760358
1342178926,"St Andrews"
1342177998,"POINT (-3.0402018 57.0486395)"
1342179635,174307190
1342179075,"MULTIPOLYGON (((-4.2636585 51.5520611, -4.2636531 51.5521642, -4.2635376 51.5522976, -4.2633281 51.5522501, -4.2634117 51.5521571, -4.2634819 51.5521142, -4.2636585 51.5520611)))"
1342177458,"POINT (-3.9097998 56.090086)"
1342178174,1862428404
1342177935,"POINT (-4.0199696 55.8541218)"
1342178200,"Baillieston St Andrew's Church"
1342179706,286515410
1342179471,"Tairgwaith"
1879048218,4141
1342177985,"POINT (-6.1956738 56.0682151)"
1342177768,"POINT (-4.7206939 55.7081929)"
1342177733,"POINT (-5.1323425 56.6727764)"
1342178400,28530153
1342177478,"POINT (-2.0900729 57.1193637)"
1342177394,"Tonypandy Bus Station"
1342178829,526199559
1342179689,274472460
1342178653,4238436231
1342177897,"POINT (-2.2784737 57.1551797)"
1342178238,2265616216
1342179449,6731421
1342177448,"Aberdare Bus Station"
1342179483,"MULTIPOLYGON (((-3.8675634 53.3098072, -3.867381 53.3098585, -3.8673273 53.3097944, -3.867079 53.3096348, -3.867036 53.3092758, -3.8673273 53.3091534, -3.8674775 53.3091662, -3.8675634 53.3098072)))"
1342178193,"Fairlie Parish Church"
1342177643,"POINT (-4.2602112 55.8137753)"
1342179301,32722221
1342177966,"POINT (-4.3995261 55.9286501)"
1342178497,317661768
1342178164,1811261657
1342178899,"Church Of God"
1342178822,513853831
1342177607,"POINT (-3.1886744 55.2890046)"
1342179833,301568552
1342179224,255827399
1342178688,"St Andrews University Chapel"
1342178094,"Nigg Kirk"
1342179606,1492256
1342179344,387105819
1342177549,"POINT (-3.0843651 56.4827269)"
1342178117,1452692115
1342179062,"Saint James the Great"
1342179645,204831828
1342177577,"POINT (-4.3131933 55.8714588)"
1342178433,295719339
1342179099,"MULTIPOLYGON (((-3.4349368 51.4226589, -3.4344599 51.4228982, -3.4338484 51.4224433, -3.4342938 51.4222166, -3.4349368 51.4226589)))"
1342177611,"POINT (-4.4390216 54.8700629)"
1342179698,27695241
1342179531,"MULTIPOLYGON (((-3.0843362 52.9696335, -3.08428 52.9696666, -3.0842093 52.9696779, -3.0841528 52.9695715, -3.0843272 52.9694184, -3.0843362 52.9696335)))"
1342177616,"POINT (-2.0976183 57.1513184)"
1342179825,301568532
1342177770,"POINT (-4.6261935 55.4646371)"
1342177832,"POINT (-6.7686415 58.2818782)"
1342177491,"POINT (-3.2851269 58.3070624)"
1342179466,7514564
1342179491,"MULTIPOLYGON (((-4.6296009 53.3119342, -4.629593 53.3119435, -4.629532 53.3120143, -4.6296009 53.3119342)))"
1342179110,102054373
1342177618,"POINT (-2.1023046 57.1443073)"
1342178791,475365761
1342179486,"MULTIPOLYGON (((-4.3424301 52.9458883, -4.3424146 52.9458981, -4.3423922 52.9458984, -4.342376 52.945889, -4.3423755 52.9458755, -4.342391 52.9458657, -4.3424134 52.9458654, -4.3424296 52.9458748, -4.3424301 52.9458883)))"
1342178060,"St Ninians Parish Church"
1342179048,"Adelaide Place Baptist Church"
1342178655,4267157611
1342179663,260086184
1342178161,1782966647
1342178279,2402776565
1342178315,251807858
1342178219,2156503973
1342177297,"MULTIPOLYGON (((-4.3087785 51.8554928, -4.3085263 51.8558059, -4.3082125 51.8558424, -4.308124 51.8558076, -4.3086175 51.8552592, -4.3087785 51.8554928)))"
1342178485,31398434
1342179327,"Bryn Iwan"
1342179385,414869796
1342178172,1862272760
1342178852,"St Margaret's"
1342177531,"POINT (-4.7346803 56.0050407)"
1342178824,"Borthwick Parish Church"
1342178454,"True Jesus Church"
1342179311,335184
1342177922,"POINT (-2.8681455 59.0330471)"
1342177781,"POINT (-4.0829816 55.8199741)"
1342178081,christian_catholic
1879048208,1020
1342178135,"Church of Scotland"
1342178396,"East Church"
1342178320,buddhist
1342177999,"POINT (-3.0426909 57.0505069)"
1342178965,757459774
1342178057,1142105030
1342179560,125960024
1342179185,202499210
1342178752,"Kilmallie Churchyard"
1342179124,126546636
1342179167,1783531
1342179055,922093963
1342179112,102060548
1342177828,"POINT (-5.1566268 57.8983251)"
1342179747,301558904
1342178846,"St Peter's Church"
1342177399,221597880
1342178066,"Allan Park South Church"
1342177495,"POINT (-3.2612156 54.986928)"
1342179331,367266817
1342179270,"Careg Rhoson"
1342178652,422805689
1342177388,221596660
1342179547,cliff
1342178286,"Gerrard Street Baptist Church"
1342177692,"POINT (-4.5625603 55.5497726)"
1342179196,"Maen Rhoson"
1342179831,301568544
1342179828,301568539
1342177573,"POINT (-3.6574446 58.1166872)"
1342179419,"Murch"
1342178123,1475391227
1342178547,339333266
1342177816,"POINT (-4.9395131 55.946118)"
1342177943,"POINT (-3.4075534 55.000346)"
1342177466,"POINT (-4.8094067 55.6538442)"
1342178541,335422641
1342177333,111686299
1342177620,"POINT (-4.4244675 55.8354088)"
1342179242,"Saint Margaret's Island"
1342178576,"St Paul's RC Church"
1342178045,"Arisaig Church"
1342179720,291209588
1342177678,"POINT (-4.2524041 55.8989233)"
1342177509,"POINT (-5.0234008 54.9030536)"
1342178150,1739194560
1342177948,"POINT (-4.394974 55.7997503)"
1342178870,"Saint Palladius Church"
1342178118,"St Barbaras Church"
1342179089,"MULTIPOLYGON (((-2.7383696 51.7996171, -2.7376679 51.8005514, -2.7374577 51.8008313, -2.7369856 51.8006787, -2.7368032 51.8009507, -2.7361595 51.8008114, -2.7368998 51.8001877, -2.7372468 51.7997477, -2.7375435 51.7993717, -2.7383696 51.7996171)))"
1342179561,"Porth Dyniewaid"
1342177764,"POINT (-4.5865711 55.0562851)"
1342178301,247170292
1342178072,1186422566
1342178082,"Our Lady of Lourdes"
1342177918,"POINT (-2.4821584 56.9091583)"
1342179005,83053599
1342178344,2682353374
1342179647,204832006
1342178798,481112723
1342178177,"Our Lady Of St Brides Church"
1342178705,"Our Lady & St. Mark's"
1342178782,"Kelton Church"
1879048219,4112
1342179247,2844228
1342178989,"Kelty Parish Church"
1342177932,"POINT (-5.4319341 56.0389563)"
1342179335,"Ffynnon Druidion"
1342179626,169323904
1342178872,"St. Finnian's Episcopal Church"
1342179007,"St Lesmo's Chapel"
1342178526,32678855
1342178349,"St Charles' Church"
1342179524,"MULTIPOLYGON (((-3.1687225 51.4323083, -3.1686843 51.4323956, -3.1686716 51.4324246, -3.1684417 51.4323828, -3.1683709 51.4323699, -3.1684056 51.4322526, -3.1687225 51.4323083)))"
1342177727,"POINT (-4.6272912 55.7956189)"
1342178005,"POINT (-4.477991 57.3308496)"
1342179840,301568611
1342179836,301568556
1342179273,301066660
1342178331,"Wigtown Parish Church"
1342178252,2330816474
1342178131,"Saint Mary-the-Virgin"
1342179490,"MULTIPOLYGON (((-4.6261443 53.3180899, -4.6260993 53.3180838, -4.6261288 53.3180767, -4.6261443 53.3180899)))"
1342179067,"Rosyth Methodist Church"
1342178933,"Newport-On-Tay Church of Scotland"
1342178140,1593915897
1342179408,426257498
1342177346,126274731
1342177909,"POINT (-2.3423229 55.7778303)"
1342177880,"POINT (-2.2141153 57.0305099)"
1342178480,"Clifton Parish Church"
1342178490,"St Andrew's and St Marnock's Parish Church"
1342178378,"Chapel"
1342178178,1895320983
1342179758,301568237
1342179215,"Ynys Meicel"
1342177494,"POINT (-4.9114759 54.6923122)"
1342179317,34104432
1342179418,43638014
1342178304,"St James"
1342179527,"MULTIPOLYGON (((-4.4835931 53.4190868, -4.4835569 53.4191021, -4.4830583 53.4191462, -4.4830055 53.4190353, -4.4831634 53.419007, -4.4834334 53.4189587, -4.4835015 53.4189524, -4.4835441 53.4189828, -4.4835931 53.4190868)))"
1342177473,"POINT (-2.9310219 56.2204922)"
1342178596,368367178
1342178270,2371572578
1342178124,1502253954
1342178317,2528150832
1342179080,"MULTIPOLYGON (((-2.8926324 51.653712, -2.8926056 51.6538651, -2.8925466 51.6537503, -2.8925171 51.6536704, -2.8924903 51.6536105, -2.8924393 51.6535373, -2.8924473 51.6534641, -2.8925975 51.6535939, -2.8926324 51.653712)))"
1342178092,"St. Michaels, Ardkenneth"
1342178521,"Queen Street Parish Church"
1342178439,2996969238
1342177510,"POINT (-5.6411152 55.3164538)"
1342177314,"MULTIPOLYGON (((-3.140899 53.1681999, -3.1406107 53.1683386, -3.1395902 53.1675765, -3.1398785 53.1674378, -3.140899 53.1681999)))"
1342178265,2359303232
1342178256,2335467219
1342179633,169731940
1342178707,"St. Martin of Tours RC Church"
1342178825,520946126
1342178422,290629628
1342177773,"POINT (-2.2461801 55.6552169)"
1342178936,"Old Kirk"
1342178695,"Inverchaolain"
1342178163,"St George's United free Church"
1342178728,457631039
1342179549,123596356
1342177352,150259315
1342179021,"Town Kirk of Stranraer"
1342178466,308017091
1342179592,1454106
1342178832,528697344
1342177585,"POINT (-1.9332826 57.3511996)"
1342178699,452373876
1342178930,689430429
1342178237,2260095637
1342179518,"MULTIPOLYGON (((-4.6207072 53.2739825, -4.6206902 53.2740092, -4.620654 53.2740054, -4.6206327 53.2739888, -4.6206327 53.2739608, -4.620605 53.2739277, -4.6205766 53.2739083, -4.6206558 53.2738911, -4.620703 53.2739379, -4.6207072 53.2739825)))"
1342177574,"POINT (-3.6543332 58.1183959)"
1342177960,"POINT (-4.5135798 55.6812295)"
1342177741,"POINT (-3.250362 55.9702624)"
1342177984,"POINT (-2.3873878 57.4295298)"
1342178516,"Dundee Central Mosque"
1342179510,"MULTIPOLYGON (((-3.1827163 51.4479804, -3.1819231 51.4481197, -3.1818052 51.4481299, -3.1818011 51.4481184, -3.1827043 51.4479645, -3.1827163 51.4479804)))"
1342179730,301557294
1342179728,301557289
1342177841,"POINT (-3.1136685 55.9524243)"
1342177571,"POINT (-2.717538 56.500938)"
1342177520,"POINT (-2.1068991 57.1565755)"
1342179768,301568254
1342179764,301568249
1342177301,"MULTIPOLYGON (((-4.9678371 51.8040382, -4.967548 51.8041314, -4.9668563 51.803321, -4.9671799 51.803335, -4.9678371 51.8040382)))"
1342178764,471834082
1342178712,4549720548
1342177453,"POINT (-5.8428595 56.911263)"
1342177889,"POINT (-4.2659282 55.4542378)"
1342178280,"St Rules"
1342179715,289105148
1342179328,359421517
1342179292,315825546
1342177681,"POINT (-4.0061751 55.8613775)"
1342179557,124271117
1342178966,761845584
1342179459,6748942
1342179686,"Llandanwg Beach"
1342179727,"Traeth Melynog"
1342179450,"Manselfield"
1342177804,"POINT (-3.1444624 56.1218347)"
1342178448,"Annbank Parish Church"
1342179413,"Brynmenyn"
1342178520,317917975
1342179619,164945876
1342179174,"Broughton"
1342178079,"Ettrick Parish Church"
1342179038,881219886
1342178285,2408997990
1342178105,"Kingdom Hall of Jehovah's Witnesses"
1342179434,49837490
1342177865,"POINT (-4.234316 57.4793909)"
1342178257,"Kingairloch Church"
1342179368,407218416
1342179160,Waunarlwydd
1342178590,366742974
1342178508,"Douglas & Mid Craigie Church"
1342177931,"POINT (-4.4208355 55.8486058)"
1342179516,"MULTIPOLYGON (((-4.082237 52.9106066, -4.0822053 52.9107041, -4.0821451 52.9107404, -4.0821324 52.9106907, -4.0820152 52.9106296, -4.0819202 52.9106296, -4.0818188 52.9106735, -4.0818283 52.9106105, -4.0818911 52.9105023, -4.082237 52.9106066)))"
1342178887,"High Church, Hilton"
1342179661,259277629
1342179346,387529850
1342177533,"POINT (-4.8547973 55.7605435)"
1342177436,"Henllan"
1342178628,"St Mary and All Souls"
1342177587,"POINT (-2.1020647 57.1532446)"
1342177653,"POINT (-3.8288094 57.1943389)"
1342177879,"POINT (-4.1424712 57.4828834)"
1342179056,"Dalneigh Church"
1342177896,"POINT (-3.6066209 55.0685291)"
1342178437,2996969235
1342177566,"POINT (-4.9253781 55.7543002)"
1342178042,muslim
1342177540,"POINT (-3.2505865 55.9737343)"
1342178147,1708363219
1879048201,3107
1342178898,663075872
1342179512,"MULTIPOLYGON (((-3.9493665 52.9215488, -3.9486155 52.9216103, -3.9479288 52.9216944, -3.947876 52.9216758, -3.9479582 52.9216059, -3.9482812 52.9215445, -3.948777 52.9214918, -3.9493568 52.9214702, -3.9493665 52.9215488)))"
1342179128,144106368
1342179437,54503697
1342178831,528689371
1342177404,"Llanelli Bus Station"
1342179230,"Bridgend"
1342178865,561418842
1342179800,301568321
1342179774,301568271
1342179772,301568266
1342178893,64621223
1342177642,"POINT (-4.2653538 55.8153597)"
1342178988,809757659
1342178110,1373692457
1342178194,1933956922
1342179736,"Traeth Gwyllt"
1342178632,4170867021
1879048215,5000
1342177884,"POINT (-4.7728863 55.9450996)"
1342179590,1454103
1342178525,"Freeland Church"
1342178644,"Gilmerton & Moredun Tron Kirk"
1342177657,"POINT (-2.111447 57.1427201)"
1342179627,169430767
1342177945,"POINT (-5.3105888 55.9584578)"
1342179489,"MULTIPOLYGON (((-4.6221893 53.3120269, -4.6220197 53.3119785, -4.6221845 53.3119488, -4.6221893 53.3120269)))"
1342178468,3086780971
1342178840,"Abdie Parish Church"
1342179788,301568301
1342179761,301568246
1342179487,"MULTIPOLYGON (((-4.2017544 53.2941835, -4.2015085 53.2941343, -4.2013324 53.294145, -4.2011907 53.2941934, -4.2010082 53.2943062, -4.201108 53.2941952, -4.2012028 53.2941393, -4.2013656 53.2940993, -4.2015367 53.2941038, -4.2017544 53.2941835)))"
1342178613,3829559514
1342178008,"POINT (-5.0206196 54.9032098)"
1342179133,1559545
1342177685,"POINT (-3.1331788 55.0202283)"
1879048193,5661
1342178706,4549720545
1342178716,4549720550
1342177979,"POINT (-2.1196167 57.6950365)"
1342178542,"Tweedsmuir Parish Church"
1342178016,"POINT (-2.9582135 58.9806905)"
1342177614,"POINT (-3.3432051 56.1177558)"
1342179847,301568647
1342179245,2839254
1342178676,4384746345
1342177868,"POINT (-4.0611009 55.5262934)"
1342177542,"POINT (-3.4689968 57.5482438)"
1342178702,"Cathcart Old Parish Church Tower"
1342177982,"POINT (-5.0713267 55.8603041)"
1342179362,4001781
1342178789,475357241
1342177326,"MULTIPOLYGON (((-3.3399692 51.6054111, -3.3397163 51.6056735, -3.3395181 51.6056249, -3.3397932 51.6053501, -3.3399692 51.6054111)))"
1342178381,2779905284
1342177376,221494886
1342178492,"Holy Trinity"
1342178866,561542729
1342179193,222326229
1342178212,2046953519
1342177344,121810345
1342178159,christian_methodist
1342178327,"Mahakala Shrine"
1342177323,"MULTIPOLYGON (((-4.0839807 52.4223683, -4.0839419 52.4224262, -4.0839268 52.4224224, -4.0839154 52.4224196, -4.0838464 52.4224024, -4.0838353 52.4223996, -4.0838311 52.4223986, -4.08387 52.4223407, -4.0839807 52.4223683)))"
1342177517,"POINT (-6.5028007 57.0569509)"
1342177534,"POINT (-3.3099924 57.7126318)"
1342178969,"Duke Street United Reformed Church"
1342177700,"POINT (-2.9630765 56.4685829)"
1342177581,"POINT (-0.9340609 60.6235276)"
1342178510,"St Peter's Free Church"
1342178189,christian_evangelica
1342178338,2667069750
1342177949,"POINT (-4.3897385 55.8002949)"
1342177502,"POINT (-5.9479734 56.5169967)"
1342178646,4218704363
1342178533,333692028
1342178114,1412997316
1342178756,"Maddiston Evangelical Church"
1342177512,"POINT (-2.2429016 57.3020263)"
1342177808,"POINT (-4.624233 55.7972757)"
1342177936,"POINT (-4.0391962 55.860693)"
1342177701,"POINT (-2.9648561 56.4693945)"
1342177368,221491582
1342179019,847704705
1342178538,"St Marys"
1342177758,"POINT (-5.1399151 55.6393205)"
1342179190,218697343
1342178754,"Maddsiton Salvation Army Hall"
1342179796,301568313
1342179793,301568308
1342179771,301568263
1342178230,2206368720
1342178765,471834086
1342177634,"POINT (-5.1975204 56.147949)"
1342179659,258352181
1342177626,"POINT (-2.0931232 57.1490614)"
1342178195,"St Aiden's Church"
1342178867,577044178
1342178462,3068497233
1342179587,1454100
1342178463,"The Grove"
1342177739,"POINT (-4.3508599 55.8869553)"
1342179264,"South Stack"
1342178208,"Burnfoot Church"
1342177322,"MULTIPOLYGON (((-2.9997833 51.5888969, -2.998691 51.5894817, -2.9985602 51.5894045, -2.9987581 51.5892306, -2.9995976 51.5887748, -2.9996497 51.5888052, -2.9997329 51.5888539, -2.9997833 51.5888969)))"
1342178145,"St Adrian's Church"
1342177582,"POINT (-4.3939672 55.8738141)"
1342178711,"Bonhill Parish Church"
1879048217,1030
1342177944,"POINT (-3.402161 56.2782389)"
1342177752,"POINT (-3.0370064 56.4685855)"
1342178167,"St Stephen's Parish Church"
1342178445,3012914819
1342178959,746892752
1342179083,"MULTIPOLYGON (((-3.2144445 52.2478658, -3.2143587 52.248076, -3.2142085 52.2481154, -3.2140368 52.2480497, -3.2140368 52.2479446, -3.214187 52.2478526, -3.2144445 52.2478658)))"
1342178920,679403348
1342179608,151049339
1342178882,617250985
1342179597,"Brandy Cove"
1342177646,"POINT (-4.2752597 55.8143021)"
1342178310,"Aberdeen Friends Meeting House"
1342178244,2294782449
1342178302,"Old Monkland"
1342179843,301568639
1342177568,"POINT (-3.5237812 55.9082845)"
1342177588,"POINT (-4.2749423 55.8147021)"
1342178726,"Carloway Free church of Scotland"
1342177595,"POINT (-4.0495542 55.8457381)"
1342177446,"Merthyr Tydfil Bus Station"
1342177843,"POINT (-3.137977 55.959712)"
1342178787,475357233
1342178879,613270386
1342177641,"POINT (-4.3069535 55.7785132)"
1342179677,"Tresilian bay"
1342179534,"MULTIPOLYGON (((-3.9772086 51.5681997, -3.9767193 51.5688516, -3.9765705 51.5688085, -3.9764551 51.5687649, -3.9764935 51.5685167, -3.9764844 51.568152, -3.9764209 51.5679144, -3.9764415 51.5678829, -3.9772086 51.5681997)))"
1342178215,2092397228
1342178136,1579716469
1342178549,342312187
1342179777,301568280
1342179603,1479886
1342179265,2988992
1342178910,665552686
1342179184,"St. Donat's"
1342178224,2169301713
1342178227,"St. Peter's Chapel"
1342178347,"Hebron Evangelical Church"
1342179751,301558986
1342179593,1454107
1342177994,"POINT (-4.4397433 55.8240545)"
1342178312,"Coatbridge Parish Church"
1342177951,"POINT (-4.3983111 55.8027576)"
1342178560,354621273
1342178815,503578187
1342177462,"POINT (-3.9445978 56.120804)"
1342178162,1789858444
1342177742,"POINT (-3.2518119 55.9705786)"
1342178978,772976490
1342177660,"POINT (-4.2902297 55.8659612)"
1342179460,"Blackpill"
1342179514,"MULTIPOLYGON (((-4.4077636 53.1390403, -4.4077395 53.1390725, -4.4076429 53.1391159, -4.4075517 53.1391626, -4.4076618 53.1389515, -4.4077314 53.1389679, -4.4077583 53.1390017, -4.4077636 53.1390403)))"
1342177850,"POINT (-5.1094369 56.8179359)"
1342179835,"Porth Swtan"
1342178441,muslim_sunni
1342178662,432814810
1342179187,209251062
1342178461,"Possilpark Parish Church"
1342177459,"POINT (-3.9129636 55.734857)"
1342178436,"Bona Church"
1342177694,"POINT (-4.4366913 55.8414799)"
1342179719,291207629
1342177530,"POINT (-4.375223 55.914681)"
1342179610,1547526
1342178069,"Presbyterian"
1342178906,664011838
1342177591,"POINT (-3.6080487 57.657243)"
1342178900,663225325
1342178869,60447029
1342177432,42107609
1342178470,3087511297
1342178107,"Legerwood Kirk"
1342177812,"POINT (-3.8500945 54.9725568)"
1342177647,"POINT (-4.2730363 55.8142918)"
1342179069,"Rosyth Baptist Church"
1342178610,3828281557
1342179139,Ynys Welltog
1342179679,272929117
1342178807,"St. Pilips"
1342178453,3033630370
1342179574,1447060
1342179377,407991210
1342177676,"POINT (-3.6068725 56.013332)"
1342177310,"MULTIPOLYGON (((-3.8036465 51.6611932, -3.8033329 51.6620538, -3.8031654 51.6620303, -3.803479 51.6611697, -3.8036465 51.6611932)))"
1342178217,2104688108
1342177886,"POINT (-2.5839609 55.741964)"
1342179798,301568317
1342178091,1311905949
1342179601,1479883
1342179068,999133963
1342179025,864934978
1342179564,129466210
1342179674,270747596
1342179396,420534448
1342177596,"POINT (-4.0382891 55.8464568)"
1342178184,1918974794
1342178472,"Kirkpatrick Fleming Parish Church"
1342178763,471825356
1342179170,"Slade"
1342179443,6045346
1342178690,444926183
1342178634,418493685
1342177479,"POINT (-4.0153869 55.8441052)"
1342179417,Ynys Dulas
1342178357,27089639
1879048216,1001
1342177501,"POINT (-4.3106871 55.8629342)"
1342177637,"POINT (-4.9544894 54.770035)"
1342178814,502595584
1342178086,"Banchory Christian Fellowship"
1342179073,"MULTIPOLYGON (((-3.2684428 51.7823906, -3.2680673 51.7823707, -3.2677883 51.7823906, -3.2676381 51.7825035, -3.2676274 51.782769, -3.2671661 51.7826163, -3.2671231 51.7824371, -3.2675308 51.7822977, -3.2682175 51.7823309, -3.2684428 51.7823906)))"
1342179029,871118644
1342178983,795815025
1342179358,4000577
1342177457,"POINT (-6.2477007 58.490576)"
1342178390,"Broom Parish Church"
1342178440,3008986515
1342179150,166513040
1342177732,"POINT (-3.2670215 56.1505127)"
1342177942,"POINT (-2.8620931 55.6897606)"
1342179804,301568349
1342179787,301568299
1342179323,353616936
1342179078,"MULTIPOLYGON (((-3.828122 53.1881929, -3.828122 53.1882572, -3.8280361 53.1882572, -3.8279718 53.1882122, -3.8279503 53.1880836, -3.8280469 53.1880965, -3.828122 53.1881929)))"
1342178626,"Milestone Christian Fellowship"
1342178282,"Slains Kirk (Saint Ternan)"
1342179554,"Trecco Bay"
1342178534,"Ardmillan Hall"
1342177975,"POINT (-3.1688986 55.9693974)"
1342178213,2068498577
1342179345,387150719
1342178399,"Merrylea Parish Church"
1342179709,286703674
1342178482,"St Mirren's Cathedral"
1342179575,"Slade Bay"
1342179403,425217518
1342179171,1788006
1342178848,"Blantyre Old Parish Church"
1342177967,"POINT (-4.4279473 57.5977213)"
1342178943,706743172
1342177516,"POINT (-3.2042181 55.9438491)"
1342179801,301568329
1342179776,301568279
1879048206,3301
1342178700,"Living Stones Christian Centre"
1342178608,"Holburn West Church"
1342178281,240363971
1342177937,"POINT (-3.9928357 55.8647624)"
1342179431,"Burton Ferry"
1342179211,"Pen Brush"
1342179356,398962132
1342179276,"Black Scar"
1342179439,59462101
1342177912,"POINT (-5.4371677 56.0402499)"
1342177708,"POINT (-2.9739242 56.46456)"
1342179523,"MULTIPOLYGON (((-3.0235274 51.5693146, -3.0233171 51.5693799, -3.0230113 51.5694132, -3.0228515 51.5693963, -3.0231197 51.5693463, -3.0235274 51.5693146)))"
1342179596,1479880
1342177938,"POINT (-5.8687889 57.0936214)"
1342177558,"POINT (-3.5246449 56.4992253)"
1342178397,283639773
1342178012,"POINT (-3.1074636 55.8768492)"
1342179140,157872362
1342178026,"POINT (-3.0360913 56.1872784)"
1342178276,2371590806
1342177818,"POINT (-4.2560854 55.8180487)"
1342179570,1446953
1342179520,"MULTIPOLYGON (((-4.1508144 52.9101304, -4.1497405 52.9104639, -4.1495849 52.9103555, -4.1494884 52.9103555, -4.1493167 52.9102892, -4.1492526 52.9101918, -4.149506 52.910257, -4.1505023 52.9101583, -4.1508144 52.9101304)))"
1342179696,27694924
1342178864,"Crathie Parish Church"
1342178487,3151425026
1342178350,269522730
1342178410,287046884
1342178427,291205330
1342177414,"Market Square Bus Station"
1342179018,846479781
1342177915,"POINT (-4.1288175 57.5830157)"
1342177488,"POINT (-4.0123519 58.5626815)"
1342178777,"Rosskeen Free Church"
1342177663,"POINT (-4.370168 55.916989)"
1342178749,469384187
1879048194,5601
1342179697,"Porth Oer"
1342179552,124259885
1342179556,"Coney Beach"
1342179042,885663603
1342177365,"Abergavenny bus station"
1342178481,311756191
1342179324,356348857
1342178643,420390239
1342178373,2763007664
1342179614,1622879
1342179599,"Pwlldu"
1342178084,"Largo Parish Church"
1342177563,"POINT (-3.8433691 56.3744662)"
1342178554,347507612
1342179266,"Ynys Traws"
1342177318,"MULTIPOLYGON (((-4.986543 52.0101084, -4.9860038 52.0110148, -4.9855211 52.0118089, -4.985226 52.0117429, -4.9856337 52.0110825, -4.9856873 52.0110941, -4.9860694 52.0104295, -4.9862882 52.010049, -4.986543 52.0101084)))"
1342178175,"Canonbie United Parish Church"
1342177489,"POINT (-4.2856956 55.8649979)"
1342178855,554652015
1342178835,530915756
1342178385,2785969201
1342178753,471441196
1342178552,"Our Lady Of Fatima"
1342178419,"Rubislaw Church Centre"
1342178088,"Harray Parish Church"
1342179630,169538614
1342178640,"Uddingston Old Parish Church"
1342179735,301558738
1342179087,"MULTIPOLYGON (((-3.8657009 52.3508835, -3.8656579 52.3509949, -3.8655721 52.3509621, -3.8655828 52.3508311, -3.8657009 52.3508835)))"
1342178674,4361674472
1342177883,"POINT (-2.2799047 56.8448935)"
1342179175,185308562
1342178946,"John Knox Parish Church"
1342178022,"POINT (-2.878568 59.0403202)"
1342179812,301568428
1342179808,301568383
1342177833,"POINT (-5.1421342 55.6467574)"
1342179724,299857233
1342178398,283640281
1342178180,1895321004
1342179756,301559893
1342179752,301559888
1342179653,24968147
1342179613,157278746
1342177603,"POINT (-2.9902517 57.6390665)"
1342179526,"MULTIPOLYGON (((-4.2502072 52.9331616, -4.2491934 52.9335545, -4.2486784 52.9331034, -4.2497996 52.9326507, -4.2502072 52.9331616)))"
1342179226,255902009
1342178875,611125363
1342177667,"POINT (-4.3284509 57.4159873)"
1342179218,252748040
1342179208,252748035
1342177753,"POINT (-4.2828474 55.8256678)"
1342177385,"Brynmawr Bus Station"
1342179465,Gogarth
1342179260,"Ynys Faelog"
1342179283,3012321
1342179180,187069919
1342179407,"Ty Newydd Farm"
1342179582,1447126
1342179492,"MULTIPOLYGON (((-4.6462365 53.3171072, -4.6462055 53.3171147, -4.6462074 53.3171118, -4.6462365 53.3171072)))"
1342178386,"Syed Shah Mustafa Jame Masjid"
1342178148,1725349234
1342178269,"Partick Free Church"
1342178157,"St Anne's RC Church"
1342179340,377112753
1342177738,"POINT (-3.9905478 55.9435071)"
1342179350,391144429
1342179287,308316054
1879048198,3100
1342179739,301558755
1342178979,"Bruce Memorial Church"
1342178511,317768183
1342178935,691865254
1342178833,530262301
1342178717,455606625
1342179351,391197511
1342177304,"MULTIPOLYGON (((-3.3846283 51.537462, -3.3843735 51.5375504, -3.3841374 51.5373318, -3.3844003 51.5372351, -3.3846283 51.537462)))"
1342178329,"Tarves Parish Church"
1342177400,"Gorseinon Bus Station"
1342178430,"St Mark's Church of Scotland"
1342178406,285944740
1342179120,108827778
1342178261,"Carnoustie Church"
1342179395,417025871
1342179149,"Llanvihangel Crucorney"
1342177969,"POINT (-4.5671473 55.8529636)"
1342178720,457321934
1342177809,"POINT (-3.1207852 58.5326662)"
1342179737,301558740
1342179573,1446957
1342179274,"Carreg yr Esgob"
1342177284,"MULTIPOLYGON (((-2.7197583 51.8100268, -2.7197573 51.8100704, -2.7197355 51.8101557, -2.7197044 51.810216, -2.7196339 51.810257, -2.7195529 51.8102827, -2.7194949 51.8100691, -2.7194814 51.8100106, -2.7195032 51.8099582, -2.7197583 51.8100268)))"
1342178093,1312443740
1342178352,2701756899
1342177893,"POINT (-3.0090859 55.825589)"
1342177870,"POINT (-4.4329748 55.8894309)"
1342178504,"Lochee Old & St Luke's Church"
1342179063,942207842
1342177928,"POINT (-2.1277381 57.1613774)"
1342177485,"POINT (-2.6470942 55.6825622)"
1342178149,"Ferniehill Evangelical Church"
1342178680,440868793
1342177766,"POINT (-2.1644269 57.1556896)"
1342178319,258396581
1342179529,"MULTIPOLYGON (((-4.9046619 51.618353, -4.9044107 51.6192345, -4.9026073 51.6194005, -4.903471 51.6183263, -4.9035434 51.617004, -4.9040637 51.6169407, -4.9045197 51.6171356, -4.904576 51.6175719, -4.9046619 51.618353)))"
1342178907,"Sleat & Strath Free Church of Scotland"
1342178701,452620628
1342179172,"Murton"
1342179204,246810271
1342178856,"Christchurch"
1342178446,"Salvation Army"
1342179173,1850502
1342177562,"POINT (-3.491729 56.365589)"
1342178333,"Rhynie church"
1342177924,"POINT (-2.9352698 59.15692)"
1342179820,301568512
1342178127,"Holytown Parish Church"
1342177525,"POINT (-3.3477082 56.1115848)"
1342177604,"POINT (-5.0747383 56.1673602)"
1342178535,3339725108
1342179708,286701706
1342177988,"POINT (-4.4699194 55.8268515)"
1342177356,"Maesteg Bus station"
1342178667,"St.Andrew's Trinity"
1342178922,"Gladsmuir Church"
1342178295,2453954691
1342179286,308316051
1342178515,317917057
1342179282,"Ynys Cantwr"
1342177544,"POINT (-2.3099231 57.3954957)"
1342178380,"St Joseph's"
1342177787,"POINT (-6.5469728 58.105708)"
1342177961,"POINT (-2.6496745 56.5552978)"
1342177947,"POINT (-2.8695398 55.9495393)"
1342179004,"Gartocharn Church"
1342178283,2405922190
1342179100,"MULTIPOLYGON (((-3.42729 51.4188572, -3.4269304 51.4189768, -3.427278 51.4195001, -3.4264629 51.4197169, -3.425897 51.419036, -3.4260153 51.4189986, -3.4265577 51.4188366, -3.4270885 51.4186673, -3.42729 51.4188572)))"
1342178220,2165100138
1342178366,274767992
1342178142,1612182934
1342177324,"MULTIPOLYGON (((-4.3948644 52.0404876, -4.3947776 52.0405126, -4.3947592 52.0404885, -4.394846 52.0404635, -4.3948644 52.0404876)))"
1342177876,"POINT (-4.4531348 55.5988414)"
1342177824,"POINT (-4.5767991 55.9843877)"
1342177910,"POINT (-2.3421838 55.7811301)"
1342177319,"MULTIPOLYGON (((-3.2191869 51.5718544, -3.2189495 51.5718527, -3.2189106 51.5718486, -3.2189307 51.5718319, -3.2191815 51.5718327, -3.2191869 51.5718544)))"
1342178559,35287625
1342179229,260094084
1342178919,"Kilfinan Parish Church"
1342177450,"POINT (-4.4146002 55.8331745)"
1342179638,195441026
1342179138,157872358
1342177661,"POINT (-5.129849 55.5321752)"
1342178029,"POINT (-4.2447048 57.4749341)"
1342178563,"St Ninian's"
1342179605,1492253
1342179216,252748039
1342178336,2645635921
1342177665,"POINT (-4.037533 55.8593491)"
1342177417,26432846
1342179515,"MULTIPOLYGON (((-4.4142075 53.1381931, -4.4141568 53.1382188, -4.4141356 53.1382797, -4.4139959 53.1382151, -4.4139756 53.1381766, -4.414033 53.1381503, -4.4142075 53.1381931)))"
1342177424,"Fishguard Ferry Terminal"
1342179741,301558779
1342179675,270759510
1342178232,2234715022
1342178134,1558562431
1342179506,"MULTIPOLYGON (((-4.6510975 53.283969, -4.6510914 53.2840463, -4.6510026 53.2841419, -4.650806 53.2840077, -4.6507535 53.2839721, -4.6509004 53.2839315, -4.6510149 53.2839284, -4.6510975 53.283969)))"
1342177769,"POINT (-4.6112459 55.4994536)"
1342177541,"POINT (-2.7759064 55.4369442)"
1342179321,farm
1342178997,826041649
1342177289,"MULTIPOLYGON (((-3.8270745 53.3205962, -3.8269514 53.3206698, -3.8267852 53.3205724, -3.8269115 53.320497, -3.8269624 53.3205274, -3.8270745 53.3205962)))"
1342177800,"POINT (-4.5098694 55.8292494)"
1342177807,"POINT (-4.6284902 55.794043)"
1342179710,286715097
1342178027,"POINT (-4.6734992 57.3333909)"
1342177569,"POINT (-5.4865269 56.6159816)"
1342179398,422308812
1342178927,689389529
1342178240,2286208530
1342177312,"MULTIPOLYGON (((-3.3178265 52.5151158, -3.3173933 52.5152597, -3.317276 52.515129, -3.3177093 52.5149851, -3.3178265 52.5151158)))"
1342177546,"POINT (-4.9386148 56.2542365)"
1342178291,2424502461
1342179525,"MULTIPOLYGON (((-3.0711677 53.1142965, -3.0711021 53.1144319, -3.0707248 53.1140039, -3.0704223 53.113623, -3.0703545 53.1135028, -3.0705349 53.1136104, -3.0707676 53.1138727, -3.0711677 53.1142965)))"
1342179433,"Woodland Park"
1342179392,"Treffgarne"
1342177728,"POINT (-3.9840605 55.9433961)"
1342178565,357184095
1342178353,"Christian Fellowship"
1342179683,273631874
1342177845,"POINT (-5.1143746 54.8444642)"
1342178271,"Partick Baptist Church"
1342177638,"POINT (-2.149163 57.1699833)"
1879048214,1004
1342179094,"MULTIPOLYGON (((-4.3939563 52.0160324, -4.3937202 52.0163361, -4.392583 52.0162569, -4.3905231 52.0165606, -4.3899437 52.016072, -4.3904372 52.0159135, -4.3908235 52.0162569, -4.3926903 52.0158607, -4.3930765 52.0156362, -4.3939563 52.0160324)))"
1342177412,"Abergavenny"
1342178799,"St Luke's Cafe Church"
1342178574,"Old Kirk of Edinburgh"
1342178300,"Elvanfoot Church"
1342178878,611636839
1342178449,3030769424
1342177916,"POINT (-3.6951098 55.4933132)"
1342178434,"United Reformed Church"
1342178246,2295708859
1342177481,"POINT (-4.2674396 55.8234361)"
1342177706,"POINT (-2.9909486 56.4562877)"
1342178961,757437896
1342178112,1390071170
1342179278,"Green Scar"
1342178040,"St Kentigern's"
1342179269,3009777
1342178361,"St. Andrews Cathedral"
1342178911,"Salvation Army Inverness"
1342179388,"Glyn Teg"
1342179148,166224
1342177320,"MULTIPOLYGON (((-3.2195208 51.5721745, -3.2195034 51.5721903, -3.219494 51.5722262, -3.2194336 51.5720945, -3.2193559 51.5719211, -3.2194216 51.5719094, -3.2194645 51.5720253, -3.2195208 51.5721745)))"
1342177598,"POINT (-4.0179288 55.8517618)"
1342177814,"POINT (-5.0584015 55.932402)"
1342177785,"POINT (-6.825846 57.8457232)"
1342179743,301558796
1342179700,280614737
1342177331,railway_station
1342179043,893394325
1342178179,"Cowdenbeath Trinity Church"
1342178087,1300976213
1342177317,"MULTIPOLYGON (((-4.4075186 52.0417803, -4.4074636 52.0418589, -4.4072708 52.0418078, -4.4073259 52.0417292, -4.4075186 52.0417803)))"
1342177522,"POINT (-2.1063672 57.1454008)"
1342178260,2344871889
1342177782,"POINT (-3.1330419 55.9049729)"
1342179672,2695610
1342178742,"Hamilton South Parish Church"
1342177492,"POINT (-4.1013845 55.8989017)"
1342179207,"Carreg Ddu"
1342178529,332606770
1342178736,"Free Church of Scotland"
1342177968,"POINT (-4.5707093 55.8539331)"
1342179032,874379279
1342178939,702878869
1342179086,"MULTIPOLYGON (((-4.0412899 52.3734842, -4.0412792 52.3735497, -4.0411504 52.3736807, -4.0410217 52.3736218, -4.0412148 52.3734253, -4.0412899 52.3734842)))"
1342178141,"Dunipace Church"
1879048220,4101
1342178851,549457254
1342179817,301568466
1342179542,106168891
1342179194,"Cosmeston"
1342178881,617232507
1342178289,2422507197
1342177454,"POINT (-3.416256 56.0362175)"
1342179341,37936334
1342179671,260734041
1342177548,"POINT (-4.7899006 57.0671797)"
1342178049,"Nunraw Sancta Maria Abbey"
1342178254,2332473895
1342179046,"Cromdale Church"
1342179213,Ynys Ddu
1342179360,4001700
1342178834,"Hamilton West Parish Church"
1342178639,420388578
1342177469,"POINT (-3.421249 56.0389479)"
1342178819,504404237
1342178890,"St Michael and All Angels"
1342179673,270746874
